Workbook

Sheet Catalogue
A2: Catalogue (les colonnes C à J sont des colonnes techniques masquées, utilisées par les formules)
C3: Famille | D3: Finition | E3: DN1 | F3: DN2 | G3: Sous-type | H3: Temperature | I3: K | J3: Reponse | K3: Fournisseur | L3: 1ère occ. fournisseur
A4: TUBESLGA040 | B4: TUBE GALVA EN 10255 SL DN40X2.9 | C4: TUBE | D4: GALVA | E4: 40 | G4: SL | K4: TCRI / ATELIER | L4: =IF(K4="",0,IF(COUNTIF($K$4:K4,K4)=1,1,0)) -> 1
A5: TUBESLGA050 | B5: TUBE GALVA EN 10255 SL DN50X3.2 | C5: TUBE | D5: GALVA | E5: 50 | G5: SL | K5: TCRI / ATELIER | L5: =IF(K5="",0,IF(COUNTIF($K$4:K5,K5)=1,1,0)) -> 0
A6: TUBESLGA065 | B6: TUBE GALVA EN 10255 SL DN65X3.2 | C6: TUBE | D6: GALVA | E6: 65 | K6: TCRI / ATELIER | L6: =IF(K6="",0,IF(COUNTIF($K$4:K6,K6)=1,1,0)) -> 0
A7: TUBESLGA080 | B7: TUBE GALVA EN 10255 SL DN80X3.2 | C7: TUBE | D7: GALVA | E7: 80 | K7: TCRI / ATELIER | L7: =IF(K7="",0,IF(COUNTIF($K$4:K7,K7)=1,1,0)) -> 0
A8: TUBETSSGA025 | B8: TUBE GALVA EN 10255 TSS DN 25X3.2 | C8: TUBE | D8: GALVA | E8: 25 | K8: TCRI / ATELIER | L8: =IF(K8="",0,IF(COUNTIF($K$4:K8,K8)=1,1,0)) -> 0
A9: TUBETSSGA032 | B9: TUBE GALVA EN 10255 TSS DN 32X3.2 | C9: TUBE | D9: GALVA | E9: 32 | K9: TCRI / ATELIER | L9: =IF(K9="",0,IF(COUNTIF($K$4:K9,K9)=1,1,0)) -> 0
A10: TUBETSSGA040 | B10: TUBE GALVA EN 10255 TSS DN 40X3.2 | C10: TUBE | D10: GALVA | E10: 40 | G10: TSS | K10: TCRI / ATELIER | L10: =IF(K10="",0,IF(COUNTIF($K$4:K10,K10)=1,1,0)) -> 0
A11: TUBETSSGA050 | B11: TUBE GALVA EN 10255 TSS DN 50X3.6 | C11: TUBE | D11: GALVA | E11: 50 | G11: TSS | K11: TCRI / ATELIER | L11: =IF(K11="",0,IF(COUNTIF($K$4:K11,K11)=1,1,0)) -> 0
A12: TUBETSSNO025 | B12: TUBE NOIR EN 10255 TSS DN 25X3.2 | C12: TUBE | D12: NOIR | E12: 25 | K12: TCRI / ATELIER | L12: =IF(K12="",0,IF(COUNTIF($K$4:K12,K12)=1,1,0)) -> 0
A13: TUBETSSNO032 | B13: TUBE NOIR EN 10255 TSS DN 32X3.2 | C13: TUBE | D13: NOIR | E13: 32 | K13: TCRI / ATELIER | L13: =IF(K13="",0,IF(COUNTIF($K$4:K13,K13)=1,1,0)) -> 0
A14: TUBETSSNO040 | B14: TUBE NOIR EN 10255 TSS DN 40X3.2 | C14: TUBE | D14: NOIR | E14: 40 | K14: TCRI / ATELIER | L14: =IF(K14="",0,IF(COUNTIF($K$4:K14,K14)=1,1,0)) -> 0
A15: TUBETSSNO050 | B15: TUBE NOIR EN 10255 TSS DN 50X3.6 | C15: TUBE | D15: NOIR | E15: 50 | K15: TCRI / ATELIER | L15: =IF(K15="",0,IF(COUNTIF($K$4:K15,K15)=1,1,0)) -> 0
A16: TUBESLGA100 | B16: TUBE GALVA EN 10255 SL DN100X3.6 | C16: TUBE | D16: GALVA | E16: 100 | K16: TCRI / ATELIER | L16: =IF(K16="",0,IF(COUNTIF($K$4:K16,K16)=1,1,0)) -> 0
A17: TUBESLGA125 | B17: TUBE GALVA EN 10217 SL DN125X3.6 | C17: TUBE | D17: GALVA | E17: 125 | K17: TCRI / ATELIER | L17: =IF(K17="",0,IF(COUNTIF($K$4:K17,K17)=1,1,0)) -> 0
A18: TUBESLGA150 | B18: TUBE GALVA EN 10217 SL DN150 X 4.5 | C18: TUBE | D18: GALVA | E18: 150 | K18: TCRI / ATELIER | L18: =IF(K18="",0,IF(COUNTIF($K$4:K18,K18)=1,1,0)) -> 0
A19: TUBE10217NO065 | B19: TUBE NOIR EN 10217 DN 65X2.6 | C19: TUBE | D19: NOIR | E19: 65 | K19: TCRI / ATELIER | L19: =IF(K19="",0,IF(COUNTIF($K$4:K19,K19)=1,1,0)) -> 0
A20: TUBE10217NO080 | B20: TUBE NOIR EN 10217 DN 80X2.9 | C20: TUBE | D20: NOIR | E20: 80 | K20: TCRI / ATELIER | L20: =IF(K20="",0,IF(COUNTIF($K$4:K20,K20)=1,1,0)) -> 0
A21: TUBE10217NO100 | B21: TUBE NOIR EN 10217 DN 100X3.2 | C21: TUBE | D21: NOIR | E21: 100 | K21: TCRI / ATELIER | L21: =IF(K21="",0,IF(COUNTIF($K$4:K21,K21)=1,1,0)) -> 0
A22: TUBE10217NO125 | B22: TUBE NOIR EN 10217 DN 125X3.6 | C22: TUBE | D22: NOIR | E22: 125 | K22: TCRI / ATELIER | L22: =IF(K22="",0,IF(COUNTIF($K$4:K22,K22)=1,1,0)) -> 0
A23: TUBE10217NO150 | B23: TUBE NOIR EN 10217 DN 150X4 | C23: TUBE | D23: NOIR | E23: 150 | K23: TCRI / ATELIER | L23: =IF(K23="",0,IF(COUNTIF($K$4:K23,K23)=1,1,0)) -> 0
... A47: COURA90BL150 | B47: COUDE 90° RAINURE BLANC DN150 | C47: COUDE90 | D47: BLANC | E47: 150 | K47: PICON / PACK | L47: =IF(K47="",0,IF(COUNTIF($K$4:K47,K47)=1,1,0)) -> 0
A48: TESEGRAGA032 | B48: TES RAINURE GALVA DN32 | C48: TES | D48: GALVA | E48: 32 | G48: RAINURE | K48: PICON / PACK | L48: =IF(K48="",0,IF(COUNTIF($K$4:K48,K48)=1,1,0)) -> 0
A49: TESEGRAGA040 | B49: TES RAINURE GALVA DN40 | C49: TES | D49: GALVA | E49: 40 | G49: RAINURE | K49: PICON / PACK | L49: =IF(K49="",0,IF(COUNTIF($K$4:K49,K49)=1,1,0)) -> 0
A50: TESEGRAGA050 | B50: TES RAINURE GALVA DN50 | C50: TES | D50: GALVA | E50: 50 | G50: RAINURE | K50: PICON / PACK | L50: =IF(K50="",0,IF(COUNTIF($K$4:K50,K50)=1,1,0)) -> 0
A51: TESEGRAGA065 | B51: TES RAINURE GALVA DN65 | C51: TES | D51: GALVA | E51: 65 | G51: RAINURE | K51: PICON / PACK | L51: =IF(K51="",0,IF(COUNTIF($K$4:K51,K51)=1,1,0)) -> 0
A52: TESEGRAGA080 | B52: TES RAINURE GALVA DN80 | C52: TES | D52: GALVA | E52: 80 | G52: RAINURE | K52: PICON / PACK | L52: =IF(K52="",0,IF(COUNTIF($K$4:K52,K52)=1,1,0)) -> 0
A53: TESEGRAGA100 | B53: TES RAINURE GALVA DN100 | C53: TES | D53: GALVA | E53: 100 | G53: RAINURE | K53: PICON / PACK | L53: =IF(K53="",0,IF(COUNTIF($K$4:K53,K53)=1,1,0)) -> 0
A54: TESEGRAGA125 | B54: TES RAINURE GALVA DN125 | C54: TES | D54: GALVA | E54: 125 | G54: RAINURE | K54: PICON / PACK | L54: =IF(K54="",0,IF(COUNTIF($K$4:K54,K54)=1,1,0)) -> 0
A55: TESEGRAGA150 | B55: TES RAINURE GALVA DN150 | C55: TES | D55: GALVA | E55: 150 | G55: RAINURE | K55: PICON / PACK | L55: =IF(K55="",0,IF(COUNTIF($K$4:K55,K55)=1,1,0)) -> 0
A56: TESEGRARO032 | B56: TES RAINURE ROUGE DN32 | C56: TES | D56: ROUGE | E56: 32 | G56: RAINURE | K56: PICON / PACK | L56: =IF(K56="",0,IF(COUNTIF($K$4:K56,K56)=1,1,0)) -> 0
A57: TESEGRARO040 | B57: TES RAINURE ROUGE DN40 | C57: TES | D57: ROUGE | E57: 40 | G57: RAINURE | K57: PICON / PACK | L57: =IF(K57="",0,IF(COUNTIF($K$4:K57,K57)=1,1,0)) -> 0
A58: TESEGRARO050 | B58: TES RAINURE ROUGE DN50 | C58: TES | D58: ROUGE | E58: 50 | G58: RAINURE | K58: PICON / PACK | L58: =IF(K58="",0,IF(COUNTIF($K$4:K58,K58)=1,1,0)) -> 0
A59: TESEGRARO065 | B59: TES RAINURE ROUGE DN65 | C59: TES | D59: ROUGE | E59: 65 | G59: RAINURE | K59: PICON / PACK | L59: =IF(K59="",0,IF(COUNTIF($K$4:K59,K59)=1,1,0)) -> 0
... A72: TESEGRABL150 | B72: TES RAINURE BLANC DN150 | C72: TES | D72: BLANC | E72: 150 | G72: RAINURE | K72: PICON / PACK | L72: =IF(K72="",0,IF(COUNTIF($K$4:K72,K72)=1,1,0)) -> 0
A73: RACCORAGA032 | B73: RACCORD RAINURE GALVA DN32 | C73: RACCORD | D73: GALVA | E73: 32 | K73: PICON / PACK | L73: =IF(K73="",0,IF(COUNTIF($K$4:K73,K73)=1,1,0)) -> 0
A74: RACCORAGA040 | B74: RACCORD RAINURE GALVA DN40 | C74: RACCORD | D74: GALVA | E74: 40 | K74: PICON / PACK | L74: =IF(K74="",0,IF(COUNTIF($K$4:K74,K74)=1,1,0)) -> 0
A75: RACCORAGA050 | B75: RACCORD RAINURE GALVA DN50 | C75: RACCORD | D75: GALVA | E75: 50 | K75: PICON / PACK | L75: =IF(K75="",0,IF(COUNTIF($K$4:K75,K75)=1,1,0)) -> 0
A76: RACCORAGA065 | B76: RACCORD RAINURE GALVA DN65 | C76: RACCORD | D76: GALVA | E76: 65 | K76: PICON / PACK | L76: =IF(K76="",0,IF(COUNTIF($K$4:K76,K76)=1,1,0)) -> 0
A77: RACCORAGA080 | B77: RACCORD RAINURE GALVA DN80 | C77: RACCORD | D77: GALVA | E77: 80 | K77: PICON / PACK | L77: =IF(K77="",0,IF(COUNTIF($K$4:K77,K77)=1,1,0)) -> 0
A78: RACCORAGA100 | B78: RACCORD RAINURE GALVA DN100 | C78: RACCORD | D78: GALVA | E78: 100 | K78: PICON / PACK | L78: =IF(K78="",0,IF(COUNTIF($K$4:K78,K78)=1,1,0)) -> 0
A79: RACCORAGA125 | B79: RACCORD RAINURE GALVA DN125 | C79: RACCORD | D79: GALVA | E79: 125 | K79: PICON / PACK | L79: =IF(K79="",0,IF(COUNTIF($K$4:K79,K79)=1,1,0)) -> 0
A80: RACCORAGA150 | B80: RACCORD RAINURE GALVA DN150 | C80: RACCORD | D80: GALVA | E80: 150 | K80: PICON / PACK | L80: =IF(K80="",0,IF(COUNTIF($K$4:K80,K80)=1,1,0)) -> 0
A81: RACCORABL032 | B81: RACCORD RAINURE BLANC DN32 | C81: RACCORD | D81: BLANC | E81: 32 | K81: PICON / PACK | L81: =IF(K81="",0,IF(COUNTIF($K$4:K81,K81)=1,1,0)) -> 0
A82: RACCORABL040 | B82: RACCORD RAINURE BLANC DN40 | C82: RACCORD | D82: BLANC | E82: 40 | K82: PICON / PACK | L82: =IF(K82="",0,IF(COUNTIF($K$4:K82,K82)=1,1,0)) -> 0
A83: RACCORABL050 | B83: RACCORD RAINURE BLANC DN50 | C83: RACCORD | D83: BLANC | E83: 50 | K83: PICON / PACK | L83: =IF(K83="",0,IF(COUNTIF($K$4:K83,K83)=1,1,0)) -> 0
A84: RACCORABL065 | B84: RACCORD RAINURE BLANC DN65 | C84: RACCORD | D84: BLANC | E84: 65 | K84: PICON / PACK | L84: =IF(K84="",0,IF(COUNTIF($K$4:K84,K84)=1,1,0)) -> 0
... A96: RACCORARO150 | B96: RACCORD RAINURE ROUGE DN150 | C96: RACCORD | D96: ROUGE | E96: 150 | K96: PICON / PACK | L96: =IF(K96="",0,IF(COUNTIF($K$4:K96,K96)=1,1,0)) -> 0
A97: CPCRAGA05032 | B97: COLLIER PRISE EN CHARGE RA GA DN50X32 | C97: CPC | D97: GALVA | E97: 50 | F97: 32 | G97: RAINURE | K97: PICON / PACK | L97: =IF(K97="",0,IF(COUNTIF($K$4:K97,K97)=1,1,0)) -> 0
A98: CPCRAGA05040 | B98: COLLIER PRISE EN CHARGE RA GA DN50X40 | C98: CPC | D98: GALVA | E98: 50 | F98: 40 | G98: RAINURE | K98: PICON / PACK | L98: =IF(K98="",0,IF(COUNTIF($K$4:K98,K98)=1,1,0)) -> 0
A99: CPCRAGA06525 | B99: COLLIER PRISE EN CHARGE RA GA DN65X25 | C99: CPC | D99: GALVA | E99: 65 | F99: 25 | G99: RAINURE | K99: PICON / PACK | L99: =IF(K99="",0,IF(COUNTIF($K$4:K99,K99)=1,1,0)) -> 0
A100: CPCRAGA06532 | B100: COLLIER PRISE EN CHARGE RA GA DN65X32 | C100: CPC | D100: GALVA | E100: 65 | F100: 32 | G100: RAINURE | K100: PICON / PACK | L100: =IF(K100="",0,IF(COUNTIF($K$4:K100,K100)=1,1,0)) -> 0
A101: CPCRAGA06540 | B101: COLLIER PRISE EN CHARGE RA GA DN65X40 | C101: CPC | D101: GALVA | E101: 65 | F101: 40 | G101: RAINURE | K101: PICON / PACK | L101: =IF(K101="",0,IF(COUNTIF($K$4:K101,K101)=1,1,0)) -> 0
A102: CPCRAGA06550 | B102: COLLIER PRISE EN CHARGE RA GA DN65X50 | C102: CPC | D102: GALVA | E102: 65 | F102: 50 | G102: RAINURE | K102: PICON / PACK | L102: =IF(K102="",0,IF(COUNTIF($K$4:K102,K102)=1,1,0)) -> 0
A103: CPCRAGA08032 | B103: COLLIER PRISE EN CHARGE RA GA DN80X32 | C103: CPC | D103: GALVA | E103: 80 | F103: 32 | G103: RAINURE | K103: PICON / PACK | L103: =IF(K103="",0,IF(COUNTIF($K$4:K103,K103)=1,1,0)) -> 0
A104: CPCRAGA08040 | B104: COLLIER PRISE EN CHARGE RA GA DN80X40 | C104: CPC | D104: GALVA | E104: 80 | F104: 40 | G104: RAINURE | K104: PICON / PACK | L104: =IF(K104="",0,IF(COUNTIF($K$4:K104,K104)=1,1,0)) -> 0
A105: CPCRAGA08050 | B105: COLLIER PRISE EN CHARGE RA GA DN80X50 | C105: CPC | D105: GALVA | E105: 80 | F105: 50 | G105: RAINURE | K105: PICON / PACK | L105: =IF(K105="",0,IF(COUNTIF($K$4:K105,K105)=1,1,0)) -> 0
A106: CPCRAGA08065 | B106: COLLIER PRISE EN CHARGE RA GA DN80X65 | C106: CPC | D106: GALVA | E106: 80 | F106: 65 | G106: RAINURE | K106: PICON / PACK | L106: =IF(K106="",0,IF(COUNTIF($K$4:K106,K106)=1,1,0)) -> 0
A107: CPCRAGA10032 | B107: COLLIER PRISE EN CHARGE RA GA DN100X32 | C107: CPC | D107: GALVA | E107: 100 | F107: 32 | G107: RAINURE | K107: PICON / PACK | L107: =IF(K107="",0,IF(COUNTIF($K$4:K107,K107)=1,1,0)) -> 0
A108: CPCRAGA10040 | B108: COLLIER PRISE EN CHARGE RA GA DN100X40 | C108: CPC | D108: GALVA | E108: 100 | F108: 40 | G108: RAINURE | K108: PICON / PACK | L108: =IF(K108="",0,IF(COUNTIF($K$4:K108,K108)=1,1,0)) -> 0
... A192: CPCTARO06550 | B192: COLLIER PRISE EN CHARGE TA RO DN65X50 | C192: CPC | D192: ROUGE | E192: 65 | F192: 50 | G192: TARAUDE | K192: PICON / PACK | L192: =IF(K192="",0,IF(COUNTIF($K$4:K192,K192)=1,1,0)) -> 0
A193: COUVI90FFGA025 | B193: COUDE 90°VISSER FF GALVA DN25 | C193: COUDE90 | D193: GALVA | E193: 25 | G193: VISSER | K193: PICON / PACK | L193: =IF(K193="",0,IF(COUNTIF($K$4:K193,K193)=1,1,0)) -> 0
A194: COUVI90MFGA025 | B194: COUDE 90°VISSER MF GALVA DN25 | K194: PICON / PACK | L194: =IF(K194="",0,IF(COUNTIF($K$4:K194,K194)=1,1,0)) -> 0
A195: MANCHFFGA025 | B195: MANCHON A VISSER FF GALVA DN25 | K195: PICON / PACK | L195: =IF(K195="",0,IF(COUNTIF($K$4:K195,K195)=1,1,0)) -> 0
A196: TESEGFFGA025 | B196: TES EGAL A VISSER FF GALVA DN25 | C196: TES | D196: GALVA | E196: 25 | G196: VISSER | K196: PICON / PACK | L196: =IF(K196="",0,IF(COUNTIF($K$4:K196,K196)=1,1,0)) -> 0
A197: TESEGFFGA040 | B197: TES EGAL A VISSER FF GALVA DN40 | C197: TES | D197: GALVA | E197: 40 | G197: VISSER | K197: PICON / PACK | L197: =IF(K197="",0,IF(COUNTIF($K$4:K197,K197)=1,1,0)) -> 0
A198: BOUCHVIMGA025 | B198: BOUCHON VISSER M GALVA DN25 | C198: BOUCHON | D198: GALVA | E198: 25 | K198: PICON / PACK | L198: =IF(K198="",0,IF(COUNTIF($K$4:K198,K198)=1,1,0)) -> 0
A199: BOUCHVIMGA032 | B199: BOUCHON VISSER M GALVA DN32 | C199: BOUCHON | D199: GALVA | E199: 32 | K199: PICON / PACK | L199: =IF(K199="",0,IF(COUNTIF($K$4:K199,K199)=1,1,0)) -> 0
A200: BOUCHVIMGA040 | B200: BOUCHON VISSER M GALVA DN40 | C200: BOUCHON | D200: GALVA | E200: 40 | K200: PICON / PACK | L200: =IF(K200="",0,IF(COUNTIF($K$4:K200,K200)=1,1,0)) -> 0
A201: BOUCHVIMGA050 | B201: BOUCHON VISSER M GALVA DN50 | C201: BOUCHON | D201: GALVA | E201: 50 | K201: PICON / PACK | L201: =IF(K201="",0,IF(COUNTIF($K$4:K201,K201)=1,1,0)) -> 0
A202: FONDRAPLBL032 | B202: FOND PLEIN RAINURE BLANC DN32 | C202: FOND | D202: BLANC | E202: 32 | K202: PICON / PACK | L202: =IF(K202="",0,IF(COUNTIF($K$4:K202,K202)=1,1,0)) -> 0
A203: FONDRAPLBL040 | B203: FOND PLEIN RAINURE BLANC DN40 | C203: FOND | D203: BLANC | E203: 40 | K203: PICON / PACK | L203: =IF(K203="",0,IF(COUNTIF($K$4:K203,K203)=1,1,0)) -> 0
A204: FONDRAPLBL050 | B204: FOND PLEIN RAINURE BLANC DN50 | C204: FOND | D204: BLANC | E204: 50 | K204: PICON / PACK | L204: =IF(K204="",0,IF(COUNTIF($K$4:K204,K204)=1,1,0)) -> 0
A205: FONDRAPLBL065 | B205: FOND PLEIN RAINURE BLANC DN65 | C205: FOND | D205: BLANC | E205: 65 | K205: PICON / PACK | L205: =IF(K205="",0,IF(COUNTIF($K$4:K205,K205)=1,1,0)) -> 0
A206: FONDRAPLBL080 | B206: FOND PLEIN RAINURE BLANC DN80 | C206: FOND | D206: BLANC | E206: 80 | K206: PICON / PACK | L206: =IF(K206="",0,IF(COUNTIF($K$4:K206,K206)=1,1,0)) -> 0
A207: FONDRAPLGA032 | B207: FOND PLEIN RAINURE GALVA DN32 | C207: FOND | D207: GALVA | E207: 32 | K207: PICON / PACK | L207: =IF(K207="",0,IF(COUNTIF($K$4:K207,K207)=1,1,0)) -> 0
A208: FONDRAPLGA040 | B208: FOND PLEIN RAINURE GALVA DN40 | C208: FOND | D208: GALVA | E208: 40 | K208: PICON / PACK | L208: =IF(K208="",0,IF(COUNTIF($K$4:K208,K208)=1,1,0)) -> 0
A209: FONDRAPLGA050 | B209: FOND PLEIN RAINURE GALVA DN50 | C209: FOND | D209: GALVA | E209: 50 | K209: PICON / PACK | L209: =IF(K209="",0,IF(COUNTIF($K$4:K209,K209)=1,1,0)) -> 0
... A243: ETRIERRAGA200 | B243: ETRIERS RALLONGES GALVA M12 DN200 | C243: ETRIER | D243: FIXE | E243: 200 | K243: PICON / PACK | L243: =IF(K243="",0,IF(COUNTIF($K$4:K243,K243)=1,1,0)) -> 0
A244: CHEVISPITMM10 | B244: CHEVILLE SPIT FIX MALEM 10/65 BTE50 | K244: PICON / PACK | L244: =IF(K244="",0,IF(COUNTIF($K$4:K244,K244)=1,1,0)) -> 0
A245: CHEVISPITMM12 | B245: CHEVILLE SPIT FIX MALEM 12/80/5 BTE 25 | K245: PICON / PACK | L245: =IF(K245="",0,IF(COUNTIF($K$4:K245,K245)=1,1,0)) -> 0
A246: CHEVISPITFM10 | B246: CHEVILLE SPIT GRIP FEMELLE M 10 BTE 100 | K246: PICON / PACK | L246: =IF(K246="",0,IF(COUNTIF($K$4:K246,K246)=1,1,0)) -> 0
A247: CHEVISPITPRIMAM10 | B247: CHEVILLE SPIT PRIMA M10 BTE25 | K247: PICON / PACK | L247: =IF(K247="",0,IF(COUNTIF($K$4:K247,K247)=1,1,0)) -> 0
A248: CHEVISPITPRIMAM12 | B248: CHEVILLE SPIT PRIMA M12 BTE 25 | K248: PICON / PACK | L248: =IF(K248="",0,IF(COUNTIF($K$4:K248,K248)=1,1,0)) -> 0
A249: CONSOLEUNISTR1000 | B249: CONSOLE UNISTRUT GALVA LG 1000 | K249: PICON / PACK | L249: =IF(K249="",0,IF(COUNTIF($K$4:K249,K249)=1,1,0)) -> 0
A250: CONSOLEUNISTR300LA | B250: CONSOLE UNISTRUT GALVA LG 300 LATERALE | K250: PICON / PACK | L250: =IF(K250="",0,IF(COUNTIF($K$4:K250,K250)=1,1,0)) -> 0
A251: CONSOLEUNISTR450LA | B251: CONSOLE UNISTRUT GALVA LG 450 LATERALE | K251: PICON / PACK | L251: =IF(K251="",0,IF(COUNTIF($K$4:K251,K251)=1,1,0)) -> 0
A252: CONSOLEUNISTRGA300 | B252: CONSOLE UNISTRUT GALVA LG 300 | K252: PICON / PACK | L252: =IF(K252="",0,IF(COUNTIF($K$4:K252,K252)=1,1,0)) -> 0
A253: CONSOLEUNISTRGA450 | B253: CONSOLE UNISTRUT GALVA LG 450 | K253: PICON / PACK | L253: =IF(K253="",0,IF(COUNTIF($K$4:K253,K253)=1,1,0)) -> 0
A254: CONSOLEUNISTRGA500 | B254: CONSOLE UNISTRUT GALVA LG 500 | K254: PICON / PACK | L254: =IF(K254="",0,IF(COUNTIF($K$4:K254,K254)=1,1,0)) -> 0
A255: CONSOLEUNISTRGA150 | B255: CONSOLE UNISTRUT GALVA LG 150 | K255: PICON / PACK | L255: =IF(K255="",0,IF(COUNTIF($K$4:K255,K255)=1,1,0)) -> 0
... A304: VANBSMFLA050P25 | B304: VANNE BS 1/4 MF LAITON DN50 PN25 | K304: PICON / PACK | L304: =IF(K304="",0,IF(COUNTIF($K$4:K304,K304)=1,1,0)) -> 0
A305: REDUCFFGA2515 | B305: REDUC VISSER FF GALVA DN25X15 1''X1/2'' | C305: REDUC | D305: GALVA | E305: 25 | F305: 15 | G305: FF | K305: PICON / PACK | L305: =IF(K305="",0,IF(COUNTIF($K$4:K305,K305)=1,1,0)) -> 0
A306: REDUCFFGA2520 | B306: REDUC VISSER FF GALVA DN25X20 1''3/4'' | C306: REDUC | D306: GALVA | E306: 25 | F306: 20 | G306: FF | K306: PICON / PACK | L306: =IF(K306="",0,IF(COUNTIF($K$4:K306,K306)=1,1,0)) -> 0
A307: REDUCMFGA2515 | B307: REDUC VISSER MF GALVA DN25X15 1''X1/2'' | C307: REDUC | D307: GALVA | E307: 25 | F307: 15 | G307: MF | K307: PICON / PACK | L307: =IF(K307="",0,IF(COUNTIF($K$4:K307,K307)=1,1,0)) -> 0
A308: REDUCMFGA2520 | B308: REDUC VISSER MF GALVA DN25X20 1''X3/4'' | C308: REDUC | D308: GALVA | E308: 25 | F308: 20 | G308: MF | K308: PICON / PACK | L308: =IF(K308="",0,IF(COUNTIF($K$4:K308,K308)=1,1,0)) -> 0
A309: REDUCRABL05040 | B309: REDUC RAINURE BLANC DN50X40 | C309: REDUC | D309: BLANC | E309: 50 | F309: 40 | G309: RAINURE | K309: PICON / PACK | L309: =IF(K309="",0,IF(COUNTIF($K$4:K309,K309)=1,1,0)) -> 0
A310: REDUCRABL06550 | B310: REDUC RAINURE BLANC DN065X50 | C310: REDUC | D310: BLANC | E310: 65 | F310: 50 | G310: RAINURE | K310: PICON / PACK | L310: =IF(K310="",0,IF(COUNTIF($K$4:K310,K310)=1,1,0)) -> 0
A311: REDUCRABL08050 | B311: REDUC RAINURE BLANC DN080X50 | C311: REDUC | D311: BLANC | E311: 80 | F311: 50 | G311: RAINURE | K311: PICON / PACK | L311: =IF(K311="",0,IF(COUNTIF($K$4:K311,K311)=1,1,0)) -> 0
...

Sheet Supports
A1: Définissez ici vos groupes de supports : nom du groupe + jusqu'à 6 composants (article + quantité par support unitaire, ex: 0,3 pour 0,3 m de tige par support).
A2: MATRICE DES GROUPES DE SUPPORTS
A3: N° | B3: Nom du groupe | C3: Composant 1 | D3: Qté/support 1 | E3: Composant 2 | F3: Qté/support 2 | G3: Composant 3 | H3: Qté/support 3 | I3: Composant 4 | J3: Qté/support 4 | K3: Composant 5 | L3: Qté/support 5 | M3: Composant 6 | N3: Qté/support 6
A4: 1 | B4: Tecner / Poire | C4: TECNER GALVA M11 | D4: 1 | E4: COLLIER POIRE (DN automatique = DN du tube) | F4: 1 | G4: TIGE FILETEE GALVA LG 1M M10 | H4: 2 | I4: ECROU GALVA M10 | J4: 2
A5: 2 | B5: Equerre / Poire / Boulon | C5: EQUERRE GRINELLEGALVA 50X50 M11 | D5: 1 | E5: COLLIER POIRE (DN automatique = DN du tube) | F5: 1 | G5: TIGE FILETEE GALVA LG 1M M10 | H5: 2 | I5: ECROU GALVA M10 | J5: 2 | K5: BOULON FILET ENTIER GALVA 10X50 | L5: 1
A6: 3 | B6: Equerre / Poire / Tirefond | C6: EQUERRE GRINELLEGALVA 50X50 M11 | D6: 1 | E6: COLLIER POIRE (DN automatique = DN du tube) | F6: 1 | G6: TIGE FILETEE GALVA LG 1M M10 | H6: 2 | I6: ECROU GALVA M10 | J6: 2 | K6: TIRE FONDS GALVA 10X60MM | L6: 1
A7: 4 | B7: Tecner / Industriel | C7: TECNER GALVA M11 | D7: 1 | E7: COLLIER INDUSTRIEL (DN automatique = DN du tube) | F7: 1 | G7: TIGE FILETEE GALVA LG 1M M10 | H7: 0.5 | I7: ECROU GALVA M10 | J7: 2
A8: 5
A9: 6
A10: 7
A11: 8
A12: 9
A13: 10
A14: 11
A15: 12
A16: 13
A17: 14
A18: 15
A19: 16
... A23: 20

Sheet SPK
C1: Cases jaunes = à saisir | RAL Raccord/RAL Tube : mettre "X" sous l'option choisie | Feuille SPK uniquement
C2: MATRICE MATERIEL SPRINKLER APSAD
C3: RAL Raccord | D3: Rouge | F3: Blanc | H3: Galva
C5: RAL Tube | D5: Galva | F5: Noir
C8: Collecteur | D8: N°1 | F8: N°2 | H8: N°3 | J8: N°4
B9: ROBINETTERIE | C9: DN tube
C10: Longueur totale (m)
C11: Nbr coudes 90°
C12: DN Collecteur (piquage)
C13: Type piquage (Rainuré/Taraudé)
B14: SUPPORTAGE | C14: N°1 - Groupe
C15: N°1 - Nb supports
C16: N°2 - Groupe
C17: N°2 - Nb supports
C18: N°3 - Groupe
C19: N°3 - Nb supports
C21: Antenne | D21: N°1 | F21: N°2 | H21: N°3 | J21: N°4
B22: ROBINETTERIE | C22: DN tube
C23: DN piquage (collecteur)
C24: Type piquage (Rainuré/Taraudé)
C25: Nbr antennes
C26: Nbr spk total
C27: Ecart entre spk (m)
C28: Nbr coudes 90°
B29: SPRINKLER | C29: Type de protection
C30: DN spk
C31: Finition spk
C32: Température spk
C33: K spk
C34: Réponse spk
C35: N°1 - Groupe
C36: N°1 - Nb supports
C37: N°2 - Groupe
C38: N°2 - Nb supports
C39: N°3 - Groupe
C40: N°3 - Nb supports
C42: Matériel divers | D42: Qté
B43: CHOIX ARTICLE
C54: Consommables | D54: Qté
C55: Kolmat (pot 360ml)
C56: Filasse (200g)
C57: Teflon (rouleau)
C58: Graisse Gruvlock (1kg)
C59: Peinture Retouche (Kg ou bombe) | E59: Peinture (couleur = RAL Tube automatique)

Sheet RIA
C1: Cases jaunes = à saisir | Tout en Galva, CPC toujours en rainuré | Case grise = non applicable
C2: MATRICE MATERIEL RIA APSAD
C4: Boucle | D4: N°1 | F4: N°2 | H4: N°3 | J4: N°4
B5: ROBINETTERIE | C5: DN tube
C6: Longueur (m)
C7: Coudes 90°
C8: TES
C9: Nbre départs (réduction depuis la boucle précédente)
B10: SUPPORTAGE | C10: N°1 - Groupe
C11: N°1 - Nb supports
C12: N°2 - Groupe
C13: N°2 - Nb supports
C14: N°3 - Groupe
C15: N°3 - Nb supports
B16: RIA | C16: RIA 33/30
C17: RIA 25/30
C19: Accessoires | D19: Qté | E19: (une seule colonne, sur tube DN de la Boucle N°1)
B20: ROBINETTERIE | C20: FAVO
C21: DEFAVO
C22: Poteau RIA tournant
C23: Vanne papillon (DN Boucle N°1)
C24: Clapet anti-retour (DN Boucle N°1)
C25: Filtre (DN Boucle N°1)
C27: Matériel divers | D27: Qté
B28: CHOIX ARTICLE
C39: Consommables | D39: Qté
C40: Kolmat (pot 360ml)
C41: Filasse (200g)
C42: Teflon
C43: Graisse Gruvlock (1kg)
C44: Peinture (Bombe Galva automatique)

Sheet Liste_Materiel
A1: Origine | B1: Code article | C1: Désignation | D1: Quantité | E1: Unité | F1: Qté totale (code) | G1: 1ère occurrence
A2: Collecteur 1 | B2: =IFERROR(INDEX(Catalogue!$A$4:$A$454,SUMPRODUCT(((Catalogue!$C$4:$C$454="TUBE")*(Catalogue!$G$4:$G$454<>"SL")*(Catalogue!$D$4:$D$454=IF(SPK!$D$6="X","GALVA",IF(SPK!$F$6="X","NOIR","")))*(Catalogue!$E$4:$E$454=(SPK!$D$9+0)))*ROW(Catalogue!$C$4:$C$454))-3),"Non trouvé - vérifier") -> Non trouvé - vérifier | C2: =IFERROR(INDEX(Catalogue!$B$4:$B$454,SUMPRODUCT(((Catalogue!$C$4:$C$454="TUBE")*(Catalogue!$G$4:$G$454<>"SL")*(Catalogue!$D$4:$D$454=IF(SPK!$D$6="X","GALVA",IF(SPK!$F$6="X","NOIR","")))*(Catalogue!$E$4:$E$454=(SPK!$D$9+0)))*ROW(Catalogue!$C$4:$C$454))-3),"") | D2: =CEILING((SPK!$D$10),6) -> 0 | E2: ml | F2: =IF(AND(B2<>"",B2<>"Non trouvé - vérifier",D2<>"",D2<>0),SUMIF($B$2:$B$244,B2,$D$2:$D$244),"") | G2: =IF(AND(B2<>"",B2<>"Non trouvé - vérifier",D2<>"",D2<>0),IF(COUNTIF($B$2:B2,B2)=1,1,0),0) -> 0
A3: Collecteur 1 | B3: =IFERROR(INDEX(Catalogue!$A$4:$A$454,SUMPRODUCT(((Catalogue!$C$4:$C$454="COUDE90")*(Catalogue!$D$4:$D$454=IF(SPK!$D$4="X","ROUGE",IF(SPK!$F$4="X","BLANC",IF(SPK!$H$4="X","GALVA",""))))*(Catalogue!$E$4:$E$454=(SPK!$D$9+0)))*ROW(Catalogue!$C$4:$C$454))-3),"Non trouvé - vérifier") -> Non trouvé - vérifier | C3: =IFERROR(INDEX(Catalogue!$B$4:$B$454,SUMPRODUCT(((Catalogue!$C$4:$C$454="COUDE90")*(Catalogue!$D$4:$D$454=IF(SPK!$D$4="X","ROUGE",IF(SPK!$F$4="X","BLANC",IF(SPK!$H$4="X","GALVA",""))))*(Catalogue!$E$4:$E$454=(SPK!$D$9+0)))*ROW(Catalogue!$C$4:$C$454))-3),"") | D3: =SPK!$D$11 -> 0 | E3: pce | F3: =IF(AND(B3<>"",B3<>"Non trouvé - vérifier",D3<>"",D3<>0),SUMIF($B$2:$B$244,B3,$D$2:$D$244),"") | G3: =IF(AND(B3<>"",B3<>"Non trouvé - vérifier",D3<>"",D3<>0),IF(COUNTIF($B$2:B3,B3)=1,1,0),0) -> 0
A4: Collecteur 1 | B4: =IFERROR(INDEX(Catalogue!$A$4:$A$454,SUMPRODUCT(((Catalogue!$C$4:$C$454="CPC")*(Catalogue!$D$4:$D$454=IF(SPK!$D$4="X","ROUGE",IF(SPK!$F$4="X","GALVA",IF(SPK!$H$4="X","GALVA",""))))*(Catalogue!$F$4:$F$454=(SPK!$D$9+0))*(Catalogue!$E$4:$E$454=(SPK!$D$12+0))*(Catalogue!$G$4:$G$454=IF(LEFT(SPK!$D$13,1)="R","RAINURE",IF(LEFT(SPK!$D$13,1)="T","TARAUDE",""))))*ROW(Catalogue!$C$4:$C$454))-3),"Non trouvé - vérifier") -> Non trouvé - vérifier | C4: =IFERROR(INDEX(Catalogue!$B$4:$B$454,SUMPRODUCT(((Catalogue!$C$4:$C$454="CPC")*(Catalogue!$D$4:$D$454=IF(SPK!$D$4="X","ROUGE",IF(SPK!$F$4="X","GALVA",IF(SPK!$H$4="X","GALVA",""))))*(Catalogue!$F$4:$F$454=(SPK!$D$9+0))*(Catalogue!$E$4:$E$454=(SPK!$D$12+0))*(Catalogue!$G$4:$G$454=IF(LEFT(SPK!$D$13,1)="R","RAINURE",IF(LEFT(SPK!$D$13,1)="T","TARAUDE",""))))*ROW(Catalogue!$C$4:$C$454))-3),"") | D4: =1 -> 1 | E4: pce | F4: =IF(AND(B4<>"",B4<>"Non trouvé - vérifier",D4<>"",D4<>0),SUMIF($B$2:$B$244,B4,$D$2:$D$244),"") | G4: =IF(AND(B4<>"",B4<>"Non trouvé - vérifier",D4<>"",D4<>0),IF(COUNTIF($B$2:B4,B4)=1,1,0),0) -> 0
A5: Collecteur 1 | B5: =IFERROR(INDEX(Catalogue!$A$4:$A$454,SUMPRODUCT(((Catalogue!$C$4:$C$454="RACCORD")*(Catalogue!$D$4:$D$454=IF(SPK!$D$4="X","ROUGE",IF(SPK!$F$4="X","BLANC",IF(SPK!$H$4="X","GALVA",""))))*(Catalogue!$E$4:$E$454=(SPK!$D$9+0)))*ROW(Catalogue!$C$4:$C$454))-3),"Non trouvé - vérifier") -> Non trouvé - vérifier | C5: =IFERROR(INDEX(Catalogue!$B$4:$B$454,SUMPRODUCT(((Catalogue!$C$4:$C$454="RACCORD")*(Catalogue!$D$4:$D$454=IF(SPK!$D$4="X","ROUGE",IF(SPK!$F$4="X","BLANC",IF(SPK!$H$4="X","GALVA",""))))*(Catalogue!$E$4:$E$454=(SPK!$D$9+0)))*ROW(Catalogue!$C$4:$C$454))-3),"") | D5: =ROUNDUP(((SPK!$D$10/6)+(SPK!$D$11*2))*1.1,0) -> 0 | E5: pce | F5: =IF(AND(B5<>"",B5<>"Non trouvé - vérifier",D5<>"",D5<>0),SUMIF($B$2:$B$244,B5,$D$2:$D$244),"") | G5: =IF(AND(B5<>"",B5<>"Non trouvé - vérifier",D5<>"",D5<>0),IF(COUNTIF($B$2:B5,B5)=1,1,0),0) -> 0
A6: Collecteur 1 - Support 1 | B6: =IF((IFERROR(INDEX(Supports!$C$4:$C$23,MATCH(SPK!$D$14,Supports!$B$4:$B$23,0)),""))="","",IF(IFERROR(INDEX(Supports!$C$4:$C$23,MATCH(SPK!$D$14,Supports!$B$4:$B$23,0)),"")="ETRIER RALLONGE (DN automatique = DN du tube)",IFERROR(INDEX(Catalogue!$A$4:$A$454,SUMPRODUCT(((Catalogue!$C$4:$C$454="ETRIER")*(Catalogue!$E$4:$E$454=(SPK!$D$9+0)))*ROW(Catalogue!$C$4:$C$454))-3),"Non trouvé - vérifier"),IF(IFERROR(INDEX(Supports!$C$4:$C$23,MATCH(SPK!$D$14,Supports!$B$4:$B$23,0)),"")="COLLIER INDUSTRIEL (DN automatique = DN du tube)",IFERROR(INDEX(Catalogue!$A$4:$A$454,SUMPRODUCT(((Catalogue!$C$4:$C$454="COLLIERINDUS")*(Catalogue!$E$4:$E$454=(SPK!$D$9+0)))*ROW(Catalogue!$C$4:$C$454))-3),"Non trouvé - vérifier"),IF(IFERROR(INDEX(Supports!$C$4:$C$23,MATCH(SPK!$D$14,Supports!$B$4:$B$23,0)),"")="COLLIER POIRE (DN automatique = DN du tube)",IFERROR(INDEX(Catalogue!$A$4:$A$454,SUMPRODUCT(((Catalogue!$C$4:$C$454="COLLIERPOIRE")*(Catalogue!$E$4:$E$454=(SPK!$D$9+0)))*ROW(Catalogue!$C$4:$C$454))-3),"Non trouvé - vérifier"),IFERROR(INDEX(Catalogue!$A$4:$A$454,MATCH(IFERROR(INDEX(Supports!$C$4:$C$23,MATCH(SPK!$D$14,Supports!$B$4:$B$23,0)),""),Catalogue!$B$4:$B$454,0)),""))))) | C6: =IF((IFERROR(INDEX(Supports!$C$4:$C$23,MATCH(SPK!$D$14,Supports!$B$4:$B$23,0)),""))="","",IF(IFERROR(INDEX(Supports!$C$4:$C$23,MATCH(SPK!$D$14,Supports!$B$4:$B$23,0)),"")="ETRIER RALLONGE (DN automatique = DN du tube)",IFERROR(INDEX(Catalogue!$B$4:$B$454,SUMPRODUCT(((Catalogue!$C$4:$C$454="ETRIER")*(Catalogue!$E$4:$E$454=(SPK!$D$9+0)))*ROW(Catalogue!$C$4:$C$454))-3),""),IF(IFERROR(INDEX(Supports!$C$4:$C$23,MATCH(SPK!$D$14,Supports!$B$4:$B$23,0)),"")="COLLIER INDUSTRIEL (DN automatique = DN du tube)",IFERROR(INDEX(Catalogue!$B$4:$B$454,SUMPRODUCT(((Catalogue!$C$4:$C$454="COLLIERINDUS")*(Catalogue!$E$4:$E$454=(SPK!$D$9+0)))*ROW(Catalogue!$C$4:$C$454))-3),""),IF(IFERROR(INDEX(Supports!$C$4:$C$23,MATCH(SPK!$D$14,Supports!$B$4:$B$23,0)),"")="COLLIER POIRE (DN automatique = DN du tube)",IFERROR(INDEX(Catalogue!$B$4:$B$454,SUMPRODUCT(((Catalogue!$C$4:$C$454="COLLIERPOIRE")*(Catalogue!$E$4:$E$454=(SPK!$D$9+0)))*ROW(Catalogue!$C$4:$C$454))-3),""),IFERROR(INDEX(Supports!$C$4:$C$23,MATCH(SPK!$D$14,Supports!$B$4:$B$23,0)),""))))) | D6: =IF((IFERROR(INDEX(Supports!$C$4:$C$23,MATCH(SPK!$D$14,Supports!$B$4:$B$23,0)),""))="","",(IFERROR(INDEX(Supports!$D$4:$D$23,MATCH(SPK!$D$14,Supports!$B$4:$B$23,0)),0))*SPK!$D$15) | E6: pce/m | F6: =IF(AND(B6<>"",B6<>"Non trouvé - vérifier",D6<>"",D6<>0),SUMIF($B$2:$B$244,B6,$D$2:$D$244),"") | G6: =IF(AND(B6<>"",B6<>"Non trouvé - vérifier",D6<>"",D6<>0),IF(COUNTIF($B$2:B6,B6)=1,1,0),0) -> 0
A7: Collecteur 1 - Support 1 | B7: =IF((IFERROR(INDEX(Supports!$E$4:$E$23,MATCH(SPK!$D$14,Supports!$B$4:$B$23,0)),""))="","",IF(IFERROR(INDEX(Supports!$E$4:$E$23,MATCH(SPK!$D$14,Supports!$B$4:$B$23,0)),"")="ETRIER RALLONGE (DN automatique = DN du tube)",IFERROR(INDEX(Catalogue!$A$4:$A$454,SUMPRODUCT(((Catalogue!$C$4:$C$454="ETRIER")*(Catalogue!$E$4:$E$454=(SPK!$D$9+0)))*ROW(Catalogue!$C$4:$C$454))-3),"Non trouvé - vérifier"),IF(IFERROR(INDEX(Supports!$E$4:$E$23,MATCH(SPK!$D$14,Supports!$B$4:$B$23,0)),"")="COLLIER INDUSTRIEL (DN automatique = DN du tube)",IFERROR(INDEX(Catalogue!$A$4:$A$454,SUMPRODUCT(((Catalogue!$C$4:$C$454="COLLIERINDUS")*(Catalogue!$E$4:$E$454=(SPK!$D$9+0)))*ROW(Catalogue!$C$4:$C$454))-3),"Non trouvé - vérifier"),IF(IFERROR(INDEX(Supports!$E$4:$E$23,MATCH(SPK!$D$14,Supports!$B$4:$B$23,0)),"")="COLLIER POIRE (DN automatique = DN du tube)",IFERROR(INDEX(Catalogue!$A$4:$A$454,SUMPRODUCT(((Catalogue!$C$4:$C$454="COLLIERPOIRE")*(Catalogue!$E$4:$E$454=(SPK!$D$9+0)))*ROW(Catalogue!$C$4:$C$454))-3),"Non trouvé - vérifier"),IFERROR(INDEX(Catalogue!$A$4:$A$454,MATCH(IFERROR(INDEX(Supports!$E$4:$E$23,MATCH(SPK!$D$14,Supports!$B$4:$B$23,0)),""),Catalogue!$B$4:$B$454,0)),""))))) | C7: =IF((IFERROR(INDEX(Supports!$E$4:$E$23,MATCH(SPK!$D$14,Supports!$B$4:$B$23,0)),""))="","",IF(IFERROR(INDEX(Supports!$E$4:$E$23,MATCH(SPK!$D$14,Supports!$B$4:$B$23,0)),"")="ETRIER RALLONGE (DN automatique = DN du tube)",IFERROR(INDEX(Catalogue!$B$4:$B$454,SUMPRODUCT(((Catalogue!$C$4:$C$454="ETRIER")*(Catalogue!$E$4:$E$454=(SPK!$D$9+0)))*ROW(Catalogue!$C$4:$C$454))-3),""),IF(IFERROR(INDEX(Supports!$E$4:$E$23,MATCH(SPK!$D$14,Supports!$B$4:$B$23,0)),"")="COLLIER INDUSTRIEL (DN automatique = DN du tube)",IFERROR(INDEX(Catalogue!$B$4:$B$454,SUMPRODUCT(((Catalogue!$C$4:$C$454="COLLIERINDUS")*(Catalogue!$E$4:$E$454=(SPK!$D$9+0)))*ROW(Catalogue!$C$4:$C$454))-3),""),IF(IFERROR(INDEX(Supports!$E$4:$E$23,MATCH(SPK!$D$14,Supports!$B$4:$B$23,0)),"")="COLLIER POIRE (DN automatique = DN du tube)",IFERROR(INDEX(Catalogue!$B$4:$B$454,SUMPRODUCT(((Catalogue!$C$4:$C$454="COLLIERPOIRE")*(Catalogue!$E$4:$E$454=(SPK!$D$9+0)))*ROW(Catalogue!$C$4:$C$454))-3),""),IFERROR(INDEX(Supports!$E$4:$E$23,MATCH(SPK!$D$14,Supports!$B$4:$B$23,0)),""))))) | D7: =IF((IFERROR(INDEX(Supports!$E$4:$E$23,MATCH(SPK!$D$14,Supports!$B$4:$B$23,0)),""))="","",(IFERROR(INDEX(Supports!$F$4:$F$23,MATCH(SPK!$D$14,Supports!$B$4:$B$23,0)),0))*SPK!$D$15) | E7: pce/m | F7: =IF(AND(B7<>"",B7<>"Non trouvé - vérifier",D7<>"",D7<>0),SUMIF($B$2:$B$244,B7,$D$2:$D$244),"") | G7: =IF(AND(B7<>"",B7<>"Non trouvé - vérifier",D7<>"",D7<>0),IF(COUNTIF($B$2:B7,B7)=1,1,0),0) -> 0
A8: Collecteur 1 - Support 1 | B8: =IF((IFERROR(INDEX(Supports!$G$4:$G$23,MATCH(SPK!$D$14,Supports!$B$4:$B$23,0)),""))="","",IF(IFERROR(INDEX(Supports!$G$4:$G$23,MATCH(SPK!$D$14,Supports!$B$4:$B$23,0)),"")="ETRIER RALLONGE (DN automatique = DN du tube)",IFERROR(INDEX(Catalogue!$A$4:$A$454,SUMPRODUCT(((Catalogue!$C$4:$C$454="ETRIER")*(Catalogue!$E$4:$E$454=(SPK!$D$9+0)))*ROW(Catalogue!$C$4:$C$454))-3),"Non trouvé - vérifier"),IF(IFERROR(INDEX(Supports!$G$4:$G$23,MATCH(SPK!$D$14,Supports!$B$4:$B$23,0)),"")="COLLIER INDUSTRIEL (DN automatique = DN du tube)",IFERROR(INDEX(Catalogue!$A$4:$A$454,SUMPRODUCT(((Catalogue!$C$4:$C$454="COLLIERINDUS")*(Catalogue!$E$4:$E$454=(SPK!$D$9+0)))*ROW(Catalogue!$C$4:$C$454))-3),"Non trouvé - vérifier"),IF(IFERROR(INDEX(Supports!$G$4:$G$23,MATCH(SPK!$D$14,Supports!$B$4:$B$23,0)),"")="COLLIER POIRE (DN automatique = DN du tube)",IFERROR(INDEX(Catalogue!$A$4:$A$454,SUMPRODUCT(((Catalogue!$C$4:$C$454="COLLIERPOIRE")*(Catalogue!$E$4:$E$454=(SPK!$D$9+0)))*ROW(Catalogue!$C$4:$C$454))-3),"Non trouvé - vérifier"),IFERROR(INDEX(Catalogue!$A$4:$A$454,MATCH(IFERROR(INDEX(Supports!$G$4:$G$23,MATCH(SPK!$D$14,Supports!$B$4:$B$23,0)),""),Catalogue!$B$4:$B$454,0)),""))))) | C8: =IF((IFERROR(INDEX(Supports!$G$4:$G$23,MATCH(SPK!$D$14,Supports!$B$4:$B$23,0)),""))="","",IF(IFERROR(INDEX(Supports!$G$4:$G$23,MATCH(SPK!$D$14,Supports!$B$4:$B$23,0)),"")="ETRIER RALLONGE (DN automatique = DN du tube)",IFERROR(INDEX(Catalogue!$B$4:$B$454,SUMPRODUCT(((Catalogue!$C$4:$C$454="ETRIER")*(Catalogue!$E$4:$E$454=(SPK!$D$9+0)))*ROW(Catalogue!$C$4:$C$454))-3),""),IF(IFERROR(INDEX(Supports!$G$4:$G$23,MATCH(SPK!$D$14,Supports!$B$4:$B$23,0)),"")="COLLIER INDUSTRIEL (DN automatique = DN du tube)",IFERROR(INDEX(Catalogue!$B$4:$B$454,SUMPRODUCT(((Catalogue!$C$4:$C$454="COLLIERINDUS")*(Catalogue!$E$4:$E$454=(SPK!$D$9+0)))*ROW(Catalogue!$C$4:$C$454))-3),""),IF(IFERROR(INDEX(Supports!$G$4:$G$23,MATCH(SPK!$D$14,Supports!$B$4:$B$23,0)),"")="COLLIER POIRE (DN automatique = DN du tube)",IFERROR(INDEX(Catalogue!$B$4:$B$454,SUMPRODUCT(((Catalogue!$C$4:$C$454="COLLIERPOIRE")*(Catalogue!$E$4:$E$454=(SPK!$D$9+0)))*ROW(Catalogue!$C$4:$C$454))-3),""),IFERROR(INDEX(Supports!$G$4:$G$23,MATCH(SPK!$D$14,Supports!$B$4:$B$23,0)),""))))) | D8: =IF((IFERROR(INDEX(Supports!$G$4:$G$23,MATCH(SPK!$D$14,Supports!$B$4:$B$23,0)),""))="","",(IFERROR(INDEX(Supports!$H$4:$H$23,MATCH(SPK!$D$14,Supports!$B$4:$B$23,0)),0))*SPK!$D$15) | E8: pce/m | F8: =IF(AND(B8<>"",B8<>"Non trouvé - vérifier",D8<>"",D8<>0),SUMIF($B$2:$B$244,B8,$D$2:$D$244),"") | G8: =IF(AND(B8<>"",B8<>"Non trouvé - vérifier",D8<>"",D8<>0),IF(COUNTIF($B$2:B8,B8)=1,1,0),0) -> 0
A9: Collecteur 1 - Support 1 | B9: =IF((IFERROR(INDEX(Supports!$I$4:$I$23,MATCH(SPK!$D$14,Supports!$B$4:$B$23,0)),""))="","",IF(IFERROR(INDEX(Supports!$I$4:$I$23,MATCH(SPK!$D$14,Supports!$B$4:$B$23,0)),"")="ETRIER RALLONGE (DN automatique = DN du tube)",IFERROR(INDEX(Catalogue!$A$4:$A$454,SUMPRODUCT(((Catalogue!$C$4:$C$454="ETRIER")*(Catalogue!$E$4:$E$454=(SPK!$D$9+0)))*ROW(Catalogue!$C$4:$C$454))-3),"Non trouvé - vérifier"),IF(IFERROR(INDEX(Supports!$I$4:$I$23,MATCH(SPK!$D$14,Supports!$B$4:$B$23,0)),"")="COLLIER INDUSTRIEL (DN automatique = DN du tube)",IFERROR(INDEX(Catalogue!$A$4:$A$454,SUMPRODUCT(((Catalogue!$C$4:$C$454="COLLIERINDUS")*(Catalogue!$E$4:$E$454=(SPK!$D$9+0)))*ROW(Catalogue!$C$4:$C$454))-3),"Non trouvé - vérifier"),IF(IFERROR(INDEX(Supports!$I$4:$I$23,MATCH(SPK!$D$14,Supports!$B$4:$B$23,0)),"")="COLLIER POIRE (DN automatique = DN du tube)",IFERROR(INDEX(Catalogue!$A$4:$A$454,SUMPRODUCT(((Catalogue!$C$4:$C$454="COLLIERPOIRE")*(Catalogue!$E$4:$E$454=(SPK!$D$9+0)))*ROW(Catalogue!$C$4:$C$454))-3),"Non trouvé - vérifier"),IFERROR(INDEX(Catalogue!$A$4:$A$454,MATCH(IFERROR(INDEX(Supports!$I$4:$I$23,MATCH(SPK!$D$14,Supports!$B$4:$B$23,0)),""),Catalogue!$B$4:$B$454,0)),""))))) | C9: =IF((IFERROR(INDEX(Supports!$I$4:$I$23,MATCH(SPK!$D$14,Supports!$B$4:$B$23,0)),""))="","",IF(IFERROR(INDEX(Supports!$I$4:$I$23,MATCH(SPK!$D$14,Supports!$B$4:$B$23,0)),"")="ETRIER RALLONGE (DN automatique = DN du tube)",IFERROR(INDEX(Catalogue!$B$4:$B$454,SUMPRODUCT(((Catalogue!$C$4:$C$454="ETRIER")*(Catalogue!$E$4:$E$454=(SPK!$D$9+0)))*ROW(Catalogue!$C$4:$C$454))-3),""),IF(IFERROR(INDEX(Supports!$I$4:$I$23,MATCH(SPK!$D$14,Supports!$B$4:$B$23,0)),"")="COLLIER INDUSTRIEL (DN automatique = DN du tube)",IFERROR(INDEX(Catalogue!$B$4:$B$454,SUMPRODUCT(((Catalogue!$C$4:$C$454="COLLIERINDUS")*(Catalogue!$E$4:$E$454=(SPK!$D$9+0)))*ROW(Catalogue!$C$4:$C$454))-3),""),IF(IFERROR(INDEX(Supports!$I$4:$I$23,MATCH(SPK!$D$14,Supports!$B$4:$B$23,0)),"")="COLLIER POIRE (DN automatique = DN du tube)",IFERROR(INDEX(Catalogue!$B$4:$B$454,SUMPRODUCT(((Catalogue!$C$4:$C$454="COLLIERPOIRE")*(Catalogue!$E$4:$E$454=(SPK!$D$9+0)))*ROW(Catalogue!$C$4:$C$454))-3),""),IFERROR(INDEX(Supports!$I$4:$I$23,MATCH(SPK!$D$14,Supports!$B$4:$B$23,0)),""))))) | D9: =IF((IFERROR(INDEX(Supports!$I$4:$I$23,MATCH(SPK!$D$14,Supports!$B$4:$B$23,0)),""))="","",(IFERROR(INDEX(Supports!$J$4:$J$23,MATCH(SPK!$D$14,Supports!$B$4:$B$23,0)),0))*SPK!$D$15) | E9: pce/m | F9: =IF(AND(B9<>"",B9<>"Non trouvé - vérifier",D9<>"",D9<>0),SUMIF($B$2:$B$244,B9,$D$2:$D$244),"") | G9: =IF(AND(B9<>"",B9<>"Non trouvé - vérifier",D9<>"",D9<>0),IF(COUNTIF($B$2:B9,B9)=1,1,0),0) -> 0
A10: Collecteur 1 - Support 1 | B10: =IF((IFERROR(INDEX(Supports!$K$4:$K$23,MATCH(SPK!$D$14,Supports!$B$4:$B$23,0)),""))="","",IF(IFERROR(INDEX(Supports!$K$4:$K$23,MATCH(SPK!$D$14,Supports!$B$4:$B$23,0)),"")="ETRIER RALLONGE (DN automatique = DN du tube)",IFERROR(INDEX(Catalogue!$A$4:$A$454,SUMPRODUCT(((Catalogue!$C$4:$C$454="ETRIER")*(Catalogue!$E$4:$E$454=(SPK!$D$9+0)))*ROW(Catalogue!$C$4:$C$454))-3),"Non trouvé - vérifier"),IF(IFERROR(INDEX(Supports!$K$4:$K$23,MATCH(SPK!$D$14,Supports!$B$4:$B$23,0)),"")="COLLIER INDUSTRIEL (DN automatique = DN du tube)",IFERROR(INDEX(Catalogue!$A$4:$A$454,SUMPRODUCT(((Catalogue!$C$4:$C$454="COLLIERINDUS")*(Catalogue!$E$4:$E$454=(SPK!$D$9+0)))*ROW(Catalogue!$C$4:$C$454))-3),"Non trouvé - vérifier"),IF(IFERROR(INDEX(Supports!$K$4:$K$23,MATCH(SPK!$D$14,Supports!$B$4:$B$23,0)),"")="COLLIER POIRE (DN automatique = DN du tube)",IFERROR(INDEX(Catalogue!$A$4:$A$454,SUMPRODUCT(((Catalogue!$C$4:$C$454="COLLIERPOIRE")*(Catalogue!$E$4:$E$454=(SPK!$D$9+0)))*ROW(Catalogue!$C$4:$C$454))-3),"Non trouvé - vérifier"),IFERROR(INDEX(Catalogue!$A$4:$A$454,MATCH(IFERROR(INDEX(Supports!$K$4:$K$23,MATCH(SPK!$D$14,Supports!$B$4:$B$23,0)),""),Catalogue!$B$4:$B$454,0)),""))))) | C10: =IF((IFERROR(INDEX(Supports!$K$4:$K$23,MATCH(SPK!$D$14,Supports!$B$4:$B$23,0)),""))="","",IF(IFERROR(INDEX(Supports!$K$4:$K$23,MATCH(SPK!$D$14,Supports!$B$4:$B$23,0)),"")="ETRIER RALLONGE (DN automatique = DN du tube)",IFERROR(INDEX(Catalogue!$B$4:$B$454,SUMPRODUCT(((Catalogue!$C$4:$C$454="ETRIER")*(Catalogue!$E$4:$E$454=(SPK!$D$9+0)))*ROW(Catalogue!$C$4:$C$454))-3),""),IF(IFERROR(INDEX(Supports!$K$4:$K$23,MATCH(SPK!$D$14,Supports!$B$4:$B$23,0)),"")="COLLIER INDUSTRIEL (DN automatique = DN du tube)",IFERROR(INDEX(Catalogue!$B$4:$B$454,SUMPRODUCT(((Catalogue!$C$4:$C$454="COLLIERINDUS")*(Catalogue!$E$4:$E$454=(SPK!$D$9+0)))*ROW(Catalogue!$C$4:$C$454))-3),""),IF(IFERROR(INDEX(Supports!$K$4:$K$23,MATCH(SPK!$D$14,Supports!$B$4:$B$23,0)),"")="COLLIER POIRE (DN automatique = DN du tube)",IFERROR(INDEX(Catalogue!$B$4:$B$454,SUMPRODUCT(((Catalogue!$C$4:$C$454="COLLIERPOIRE")*(Catalogue!$E$4:$E$454=(SPK!$D$9+0)))*ROW(Catalogue!$C$4:$C$454))-3),""),IFERROR(INDEX(Supports!$K$4:$K$23,MATCH(SPK!$D$14,Supports!$B$4:$B$23,0)),""))))) | D10: =IF((IFERROR(INDEX(Supports!$K$4:$K$23,MATCH(SPK!$D$14,Supports!$B$4:$B$23,0)),""))="","",(IFERROR(INDEX(Supports!$L$4:$L$23,MATCH(SPK!$D$14,Supports!$B$4:$B$23,0)),0))*SPK!$D$15) | E10: pce/m | F10: =IF(AND(B10<>"",B10<>"Non trouvé - vérifier",D10<>"",D10<>0),SUMIF($B$2:$B$244,B10,$D$2:$D$244),"") | G10: =IF(AND(B10<>"",B10<>"Non trouvé - vérifier",D10<>"",D10<>0),IF(COUNTIF($B$2:B10,B10)=1,1,0),0) -> 0
A11: Collecteur 1 - Support 1 | B11: =IF((IFERROR(INDEX(Supports!$M$4:$M$23,MATCH(SPK!$D$14,Supports!$B$4:$B$23,0)),""))="","",IF(IFERROR(INDEX(Supports!$M$4:$M$23,MATCH(SPK!$D$14,Supports!$B$4:$B$23,0)),"")="ETRIER RALLONGE (DN automatique = DN du tube)",IFERROR(INDEX(Catalogue!$A$4:$A$454,SUMPRODUCT(((Catalogue!$C$4:$C$454="ETRIER")*(Catalogue!$E$4:$E$454=(SPK!$D$9+0)))*ROW(Catalogue!$C$4:$C$454))-3),"Non trouvé - vérifier"),IF(IFERROR(INDEX(Supports!$M$4:$M$23,MATCH(SPK!$D$14,Supports!$B$4:$B$23,0)),"")="COLLIER INDUSTRIEL (DN automatique = DN du tube)",IFERROR(INDEX(Catalogue!$A$4:$A$454,SUMPRODUCT(((Catalogue!$C$4:$C$454="COLLIERINDUS")*(Catalogue!$E$4:$E$454=(SPK!$D$9+0)))*ROW(Catalogue!$C$4:$C$454))-3),"Non trouvé - vérifier"),IF(IFERROR(INDEX(Supports!$M$4:$M$23,MATCH(SPK!$D$14,Supports!$B$4:$B$23,0)),"")="COLLIER POIRE (DN automatique = DN du tube)",IFERROR(INDEX(Catalogue!$A$4:$A$454,SUMPRODUCT(((Catalogue!$C$4:$C$454="COLLIERPOIRE")*(Catalogue!$E$4:$E$454=(SPK!$D$9+0)))*ROW(Catalogue!$C$4:$C$454))-3),"Non trouvé - vérifier"),IFERROR(INDEX(Catalogue!$A$4:$A$454,MATCH(IFERROR(INDEX(Supports!$M$4:$M$23,MATCH(SPK!$D$14,Supports!$B$4:$B$23,0)),""),Catalogue!$B$4:$B$454,0)),""))))) | C11: =IF((IFERROR(INDEX(Supports!$M$4:$M$23,MATCH(SPK!$D$14,Supports!$B$4:$B$23,0)),""))="","",IF(IFERROR(INDEX(Supports!$M$4:$M$23,MATCH(SPK!$D$14,Supports!$B$4:$B$23,0)),"")="ETRIER RALLONGE (DN automatique = DN du tube)",IFERROR(INDEX(Catalogue!$B$4:$B$454,SUMPRODUCT(((Catalogue!$C$4:$C$454="ETRIER")*(Catalogue!$E$4:$E$454=(SPK!$D$9+0)))*ROW(Catalogue!$C$4:$C$454))-3),""),IF(IFERROR(INDEX(Supports!$M$4:$M$23,MATCH(SPK!$D$14,Supports!$B$4:$B$23,0)),"")="COLLIER INDUSTRIEL (DN automatique = DN du tube)",IFERROR(INDEX(Catalogue!$B$4:$B$454,SUMPRODUCT(((Catalogue!$C$4:$C$454="COLLIERINDUS")*(Catalogue!$E$4:$E$454=(SPK!$D$9+0)))*ROW(Catalogue!$C$4:$C$454))-3),""),IF(IFERROR(INDEX(Supports!$M$4:$M$23,MATCH(SPK!$D$14,Supports!$B$4:$B$23,0)),"")="COLLIER POIRE (DN automatique = DN du tube)",IFERROR(INDEX(Catalogue!$B$4:$B$454,SUMPRODUCT(((Catalogue!$C$4:$C$454="COLLIERPOIRE")*(Catalogue!$E$4:$E$454=(SPK!$D$9+0)))*ROW(Catalogue!$C$4:$C$454))-3),""),IFERROR(INDEX(Supports!$M$4:$M$23,MATCH(SPK!$D$14,Supports!$B$4:$B$23,0)),""))))) | D11: =IF((IFERROR(INDEX(Supports!$M$4:$M$23,MATCH(SPK!$D$14,Supports!$B$4:$B$23,0)),""))="","",(IFERROR(INDEX(Supports!$N$4:$N$23,MATCH(SPK!$D$14,Supports!$B$4:$B$23,0)),0))*SPK!$D$15) | E11: pce/m | F11: =IF(AND(B11<>"",B11<>"Non trouvé - vérifier",D11<>"",D11<>0),SUMIF($B$2:$B$244,B11,$D$2:$D$244),"") | G11: =IF(AND(B11<>"",B11<>"Non trouvé - vérifier",D11<>"",D11<>0),IF(COUNTIF($B$2:B11,B11)=1,1,0),0) -> 0
A12: Collecteur 1 - Support 2 | B12: =IF((IFERROR(INDEX(Supports!$C$4:$C$23,MATCH(SPK!$D$16,Supports!$B$4:$B$23,0)),""))="","",IF(IFERROR(INDEX(Supports!$C$4:$C$23,MATCH(SPK!$D$16,Supports!$B$4:$B$23,0)),"")="ETRIER RALLONGE (DN automatique = DN du tube)",IFERROR(INDEX(Catalogue!$A$4:$A$454,SUMPRODUCT(((Catalogue!$C$4:$C$454="ETRIER")*(Catalogue!$E$4:$E$454=(SPK!$D$9+0)))*ROW(Catalogue!$C$4:$C$454))-3),"Non trouvé - vérifier"),IF(IFERROR(INDEX(Supports!$C$4:$C$23,MATCH(SPK!$D$16,Supports!$B$4:$B$23,0)),"")="COLLIER INDUSTRIEL (DN automatique = DN du tube)",IFERROR(INDEX(Catalogue!$A$4:$A$454,SUMPRODUCT(((Catalogue!$C$4:$C$454="COLLIERINDUS")*(Catalogue!$E$4:$E$454=(SPK!$D$9+0)))*ROW(Catalogue!$C$4:$C$454))-3),"Non trouvé - vérifier"),IF(IFERROR(INDEX(Supports!$C$4:$C$23,MATCH(SPK!$D$16,Supports!$B$4:$B$23,0)),"")="COLLIER POIRE (DN automatique = DN du tube)",IFERROR(INDEX(Catalogue!$A$4:$A$454,SUMPRODUCT(((Catalogue!$C$4:$C$454="COLLIERPOIRE")*(Catalogue!$E$4:$E$454=(SPK!$D$9+0)))*ROW(Catalogue!$C$4:$C$454))-3),"Non trouvé - vérifier"),IFERROR(INDEX(Catalogue!$A$4:$A$454,MATCH(IFERROR(INDEX(Supports!$C$4:$C$23,MATCH(SPK!$D$16,Supports!$B$4:$B$23,0)),""),Catalogue!$B$4:$B$454,0)),""))))) | C12: =IF((IFERROR(INDEX(Supports!$C$4:$C$23,MATCH(SPK!$D$16,Supports!$B$4:$B$23,0)),""))="","",IF(IFERROR(INDEX(Supports!$C$4:$C$23,MATCH(SPK!$D$16,Supports!$B$4:$B$23,0)),"")="ETRIER RALLONGE (DN automatique = DN du tube)",IFERROR(INDEX(Catalogue!$B$4:$B$454,SUMPRODUCT(((Catalogue!$C$4:$C$454="ETRIER")*(Catalogue!$E$4:$E$454=(SPK!$D$9+0)))*ROW(Catalogue!$C$4:$C$454))-3),""),IF(IFERROR(INDEX(Supports!$C$4:$C$23,MATCH(SPK!$D$16,Supports!$B$4:$B$23,0)),"")="COLLIER INDUSTRIEL (DN automatique = DN du tube)",IFERROR(INDEX(Catalogue!$B$4:$B$454,SUMPRODUCT(((Catalogue!$C$4:$C$454="COLLIERINDUS")*(Catalogue!$E$4:$E$454=(SPK!$D$9+0)))*ROW(Catalogue!$C$4:$C$454))-3),""),IF(IFERROR(INDEX(Supports!$C$4:$C$23,MATCH(SPK!$D$16,Supports!$B$4:$B$23,0)),"")="COLLIER POIRE (DN automatique = DN du tube)",IFERROR(INDEX(Catalogue!$B$4:$B$454,SUMPRODUCT(((Catalogue!$C$4:$C$454="COLLIERPOIRE")*(Catalogue!$E$4:$E$454=(SPK!$D$9+0)))*ROW(Catalogue!$C$4:$C$454))-3),""),IFERROR(INDEX(Supports!$C$4:$C$23,MATCH(SPK!$D$16,Supports!$B$4:$B$23,0)),""))))) | D12: =IF((IFERROR(INDEX(Supports!$C$4:$C$23,MATCH(SPK!$D$16,Supports!$B$4:$B$23,0)),""))="","",(IFERROR(INDEX(Supports!$D$4:$D$23,MATCH(SPK!$D$16,Supports!$B$4:$B$23,0)),0))*SPK!$D$17) | E12: pce/m | F12: =IF(AND(B12<>"",B12<>"Non trouvé - vérifier",D12<>"",D12<>0),SUMIF($B$2:$B$244,B12,$D$2:$D$244),"") | G12: =IF(AND(B12<>"",B12<>"Non trouvé - vérifier",D12<>"",D12<>0),IF(COUNTIF($B$2:B12,B12)=1,1,0),0) -> 0
A13: Collecteur 1 - Support 2 | B13: =IF((IFERROR(INDEX(Supports!$E$4:$E$23,MATCH(SPK!$D$16,Supports!$B$4:$B$23,0)),""))="","",IF(IFERROR(INDEX(Supports!$E$4:$E$23,MATCH(SPK!$D$16,Supports!$B$4:$B$23,0)),"")="ETRIER RALLONGE (DN automatique = DN du tube)",IFERROR(INDEX(Catalogue!$A$4:$A$454,SUMPRODUCT(((Catalogue!$C$4:$C$454="ETRIER")*(Catalogue!$E$4:$E$454=(SPK!$D$9+0)))*ROW(Catalogue!$C$4:$C$454))-3),"Non trouvé - vérifier"),IF(IFERROR(INDEX(Supports!$E$4:$E$23,MATCH(SPK!$D$16,Supports!$B$4:$B$23,0)),"")="COLLIER INDUSTRIEL (DN automatique = DN du tube)",IFERROR(INDEX(Catalogue!$A$4:$A$454,SUMPRODUCT(((Catalogue!$C$4:$C$454="COLLIERINDUS")*(Catalogue!$E$4:$E$454=(SPK!$D$9+0)))*ROW(Catalogue!$C$4:$C$454))-3),"Non trouvé - vérifier"),IF(IFERROR(INDEX(Supports!$E$4:$E$23,MATCH(SPK!$D$16,Supports!$B$4:$B$23,0)),"")="COLLIER POIRE (DN automatique = DN du tube)",IFERROR(INDEX(Catalogue!$A$4:$A$454,SUMPRODUCT(((Catalogue!$C$4:$C$454="COLLIERPOIRE")*(Catalogue!$E$4:$E$454=(SPK!$D$9+0)))*ROW(Catalogue!$C$4:$C$454))-3),"Non trouvé - vérifier"),IFERROR(INDEX(Catalogue!$A$4:$A$454,MATCH(IFERROR(INDEX(Supports!$E$4:$E$23,MATCH(SPK!$D$16,Supports!$B$4:$B$23,0)),""),Catalogue!$B$4:$B$454,0)),""))))) | C13: =IF((IFERROR(INDEX(Supports!$E$4:$E$23,MATCH(SPK!$D$16,Supports!$B$4:$B$23,0)),""))="","",IF(IFERROR(INDEX(Supports!$E$4:$E$23,MATCH(SPK!$D$16,Supports!$B$4:$B$23,0)),"")="ETRIER RALLONGE (DN automatique = DN du tube)",IFERROR(INDEX(Catalogue!$B$4:$B$454,SUMPRODUCT(((Catalogue!$C$4:$C$454="ETRIER")*(Catalogue!$E$4:$E$454=(SPK!$D$9+0)))*ROW(Catalogue!$C$4:$C$454))-3),""),IF(IFERROR(INDEX(Supports!$E$4:$E$23,MATCH(SPK!$D$16,Supports!$B$4:$B$23,0)),"")="COLLIER INDUSTRIEL (DN automatique = DN du tube)",IFERROR(INDEX(Catalogue!$B$4:$B$454,SUMPRODUCT(((Catalogue!$C$4:$C$454="COLLIERINDUS")*(Catalogue!$E$4:$E$454=(SPK!$D$9+0)))*ROW(Catalogue!$C$4:$C$454))-3),""),IF(IFERROR(INDEX(Supports!$E$4:$E$23,MATCH(SPK!$D$16,Supports!$B$4:$B$23,0)),"")="COLLIER POIRE (DN automatique = DN du tube)",IFERROR(INDEX(Catalogue!$B$4:$B$454,SUMPRODUCT(((Catalogue!$C$4:$C$454="COLLIERPOIRE")*(Catalogue!$E$4:$E$454=(SPK!$D$9+0)))*ROW(Catalogue!$C$4:$C$454))-3),""),IFERROR(INDEX(Supports!$E$4:$E$23,MATCH(SPK!$D$16,Supports!$B$4:$B$23,0)),""))))) | D13: =IF((IFERROR(INDEX(Supports!$E$4:$E$23,MATCH(SPK!$D$16,Supports!$B$4:$B$23,0)),""))="","",(IFERROR(INDEX(Supports!$F$4:$F$23,MATCH(SPK!$D$16,Supports!$B$4:$B$23,0)),0))*SPK!$D$17) | E13: pce/m | F13: =IF(AND(B13<>"",B13<>"Non trouvé - vérifier",D13<>"",D13<>0),SUMIF($B$2:$B$244,B13,$D$2:$D$244),"") | G13: =IF(AND(B13<>"",B13<>"Non trouvé - vérifier",D13<>"",D13<>0),IF(COUNTIF($B$2:B13,B13)=1,1,0),0) -> 0
A14: Collecteur 1 - Support 2 | B14: =IF((IFERROR(INDEX(Supports!$G$4:$G$23,MATCH(SPK!$D$16,Supports!$B$4:$B$23,0)),""))="","",IF(IFERROR(INDEX(Supports!$G$4:$G$23,MATCH(SPK!$D$16,Supports!$B$4:$B$23,0)),"")="ETRIER RALLONGE (DN automatique = DN du tube)",IFERROR(INDEX(Catalogue!$A$4:$A$454,SUMPRODUCT(((Catalogue!$C$4:$C$454="ETRIER")*(Catalogue!$E$4:$E$454=(SPK!$D$9+0)))*ROW(Catalogue!$C$4:$C$454))-3),"Non trouvé - vérifier"),IF(IFERROR(INDEX(Supports!$G$4:$G$23,MATCH(SPK!$D$16,Supports!$B$4:$B$23,0)),"")="COLLIER INDUSTRIEL (DN automatique = DN du tube)",IFERROR(INDEX(Catalogue!$A$4:$A$454,SUMPRODUCT(((Catalogue!$C$4:$C$454="COLLIERINDUS")*(Catalogue!$E$4:$E$454=(SPK!$D$9+0)))*ROW(Catalogue!$C$4:$C$454))-3),"Non trouvé - vérifier"),IF(IFERROR(INDEX(Supports!$G$4:$G$23,MATCH(SPK!$D$16,Supports!$B$4:$B$23,0)),"")="COLLIER POIRE (DN automatique = DN du tube)",IFERROR(INDEX(Catalogue!$A$4:$A$454,SUMPRODUCT(((Catalogue!$C$4:$C$454="COLLIERPOIRE")*(Catalogue!$E$4:$E$454=(SPK!$D$9+0)))*ROW(Catalogue!$C$4:$C$454))-3),"Non trouvé - vérifier"),IFERROR(INDEX(Catalogue!$A$4:$A$454,MATCH(IFERROR(INDEX(Supports!$G$4:$G$23,MATCH(SPK!$D$16,Supports!$B$4:$B$23,0)),""),Catalogue!$B$4:$B$454,0)),""))))) | C14: =IF((IFERROR(INDEX(Supports!$G$4:$G$23,MATCH(SPK!$D$16,Supports!$B$4:$B$23,0)),""))="","",IF(IFERROR(INDEX(Supports!$G$4:$G$23,MATCH(SPK!$D$16,Supports!$B$4:$B$23,0)),"")="ETRIER RALLONGE (DN automatique = DN du tube)",IFERROR(INDEX(Catalogue!$B$4:$B$454,SUMPRODUCT(((Catalogue!$C$4:$C$454="ETRIER")*(Catalogue!$E$4:$E$454=(SPK!$D$9+0)))*ROW(Catalogue!$C$4:$C$454))-3),""),IF(IFERROR(INDEX(Supports!$G$4:$G$23,MATCH(SPK!$D$16,Supports!$B$4:$B$23,0)),"")="COLLIER INDUSTRIEL (DN automatique = DN du tube)",IFERROR(INDEX(Catalogue!$B$4:$B$454,SUMPRODUCT(((Catalogue!$C$4:$C$454="COLLIERINDUS")*(Catalogue!$E$4:$E$454=(SPK!$D$9+0)))*ROW(Catalogue!$C$4:$C$454))-3),""),IF(IFERROR(INDEX(Supports!$G$4:$G$23,MATCH(SPK!$D$16,Supports!$B$4:$B$23,0)),"")="COLLIER POIRE (DN automatique = DN du tube)",IFERROR(INDEX(Catalogue!$B$4:$B$454,SUMPRODUCT(((Catalogue!$C$4:$C$454="COLLIERPOIRE")*(Catalogue!$E$4:$E$454=(SPK!$D$9+0)))*ROW(Catalogue!$C$4:$C$454))-3),""),IFERROR(INDEX(Supports!$G$4:$G$23,MATCH(SPK!$D$16,Supports!$B$4:$B$23,0)),""))))) | D14: =IF((IFERROR(INDEX(Supports!$G$4:$G$23,MATCH(SPK!$D$16,Supports!$B$4:$B$23,0)),""))="","",(IFERROR(INDEX(Supports!$H$4:$H$23,MATCH(SPK!$D$16,Supports!$B$4:$B$23,0)),0))*SPK!$D$17) | E14: pce/m | F14: =IF(AND(B14<>"",B14<>"Non trouvé - vérifier",D14<>"",D14<>0),SUMIF($B$2:$B$244,B14,$D$2:$D$244),"") | G14: =IF(AND(B14<>"",B14<>"Non trouvé - vérifier",D14<>"",D14<>0),IF(COUNTIF($B$2:B14,B14)=1,1,0),0) -> 0
A15: Collecteur 1 - Support 2 | B15: =IF((IFERROR(INDEX(Supports!$I$4:$I$23,MATCH(SPK!$D$16,Supports!$B$4:$B$23,0)),""))="","",IF(IFERROR(INDEX(Supports!$I$4:$I$23,MATCH(SPK!$D$16,Supports!$B$4:$B$23,0)),"")="ETRIER RALLONGE (DN automatique = DN du tube)",IFERROR(INDEX(Catalogue!$A$4:$A$454,SUMPRODUCT(((Catalogue!$C$4:$C$454="ETRIER")*(Catalogue!$E$4:$E$454=(SPK!$D$9+0)))*ROW(Catalogue!$C$4:$C$454))-3),"Non trouvé - vérifier"),IF(IFERROR(INDEX(Supports!$I$4:$I$23,MATCH(SPK!$D$16,Supports!$B$4:$B$23,0)),"")="COLLIER INDUSTRIEL (DN automatique = DN du tube)",IFERROR(INDEX(Catalogue!$A$4:$A$454,SUMPRODUCT(((Catalogue!$C$4:$C$454="COLLIERINDUS")*(Catalogue!$E$4:$E$454=(SPK!$D$9+0)))*ROW(Catalogue!$C$4:$C$454))-3),"Non trouvé - vérifier"),IF(IFERROR(INDEX(Supports!$I$4:$I$23,MATCH(SPK!$D$16,Supports!$B$4:$B$23,0)),"")="COLLIER POIRE (DN automatique = DN du tube)",IFERROR(INDEX(Catalogue!$A$4:$A$454,SUMPRODUCT(((Catalogue!$C$4:$C$454="COLLIERPOIRE")*(Catalogue!$E$4:$E$454=(SPK!$D$9+0)))*ROW(Catalogue!$C$4:$C$454))-3),"Non trouvé - vérifier"),IFERROR(INDEX(Catalogue!$A$4:$A$454,MATCH(IFERROR(INDEX(Supports!$I$4:$I$23,MATCH(SPK!$D$16,Supports!$B$4:$B$23,0)),""),Catalogue!$B$4:$B$454,0)),""))))) | C15: =IF((IFERROR(INDEX(Supports!$I$4:$I$23,MATCH(SPK!$D$16,Supports!$B$4:$B$23,0)),""))="","",IF(IFERROR(INDEX(Supports!$I$4:$I$23,MATCH(SPK!$D$16,Supports!$B$4:$B$23,0)),"")="ETRIER RALLONGE (DN automatique = DN du tube)",IFERROR(INDEX(Catalogue!$B$4:$B$454,SUMPRODUCT(((Catalogue!$C$4:$C$454="ETRIER")*(Catalogue!$E$4:$E$454=(SPK!$D$9+0)))*ROW(Catalogue!$C$4:$C$454))-3),""),IF(IFERROR(INDEX(Supports!$I$4:$I$23,MATCH(SPK!$D$16,Supports!$B$4:$B$23,0)),"")="COLLIER INDUSTRIEL (DN automatique = DN du tube)",IFERROR(INDEX(Catalogue!$B$4:$B$454,SUMPRODUCT(((Catalogue!$C$4:$C$454="COLLIERINDUS")*(Catalogue!$E$4:$E$454=(SPK!$D$9+0)))*ROW(Catalogue!$C$4:$C$454))-3),""),IF(IFERROR(INDEX(Supports!$I$4:$I$23,MATCH(SPK!$D$16,Supports!$B$4:$B$23,0)),"")="COLLIER POIRE (DN automatique = DN du tube)",IFERROR(INDEX(Catalogue!$B$4:$B$454,SUMPRODUCT(((Catalogue!$C$4:$C$454="COLLIERPOIRE")*(Catalogue!$E$4:$E$454=(SPK!$D$9+0)))*ROW(Catalogue!$C$4:$C$454))-3),""),IFERROR(INDEX(Supports!$I$4:$I$23,MATCH(SPK!$D$16,Supports!$B$4:$B$23,0)),""))))) | D15: =IF((IFERROR(INDEX(Supports!$I$4:$I$23,MATCH(SPK!$D$16,Supports!$B$4:$B$23,0)),""))="","",(IFERROR(INDEX(Supports!$J$4:$J$23,MATCH(SPK!$D$16,Supports!$B$4:$B$23,0)),0))*SPK!$D$17) | E15: pce/m | F15: =IF(AND(B15<>"",B15<>"Non trouvé - vérifier",D15<>"",D15<>0),SUMIF($B$2:$B$244,B15,$D$2:$D$244),"") | G15: =IF(AND(B15<>"",B15<>"Non trouvé - vérifier",D15<>"",D15<>0),IF(COUNTIF($B$2:B15,B15)=1,1,0),0) -> 0
A16: Collecteur 1 - Support 2 | B16: =IF((IFERROR(INDEX(Supports!$K$4:$K$23,MATCH(SPK!$D$16,Supports!$B$4:$B$23,0)),""))="","",IF(IFERROR(INDEX(Supports!$K$4:$K$23,MATCH(SPK!$D$16,Supports!$B$4:$B$23,0)),"")="ETRIER RALLONGE (DN automatique = DN du tube)",IFERROR(INDEX(Catalogue!$A$4:$A$454,SUMPRODUCT(((Catalogue!$C$4:$C$454="ETRIER")*(Catalogue!$E$4:$E$454=(SPK!$D$9+0)))*ROW(Catalogue!$C$4:$C$454))-3),"Non trouvé - vérifier"),IF(IFERROR(INDEX(Supports!$K$4:$K$23,MATCH(SPK!$D$16,Supports!$B$4:$B$23,0)),"")="COLLIER INDUSTRIEL (DN automatique = DN du tube)",IFERROR(INDEX(Catalogue!$A$4:$A$454,SUMPRODUCT(((Catalogue!$C$4:$C$454="COLLIERINDUS")*(Catalogue!$E$4:$E$454=(SPK!$D$9+0)))*ROW(Catalogue!$C$4:$C$454))-3),"Non trouvé - vérifier"),IF(IFERROR(INDEX(Supports!$K$4:$K$23,MATCH(SPK!$D$16,Supports!$B$4:$B$23,0)),"")="COLLIER POIRE (DN automatique = DN du tube)",IFERROR(INDEX(Catalogue!$A$4:$A$454,SUMPRODUCT(((Catalogue!$C$4:$C$454="COLLIERPOIRE")*(Catalogue!$E$4:$E$454=(SPK!$D$9+0)))*ROW(Catalogue!$C$4:$C$454))-3),"Non trouvé - vérifier"),IFERROR(INDEX(Catalogue!$A$4:$A$454,MATCH(IFERROR(INDEX(Supports!$K$4:$K$23,MATCH(SPK!$D$16,Supports!$B$4:$B$23,0)),""),Catalogue!$B$4:$B$454,0)),""))))) | C16: =IF((IFERROR(INDEX(Supports!$K$4:$K$23,MATCH(SPK!$D$16,Supports!$B$4:$B$23,0)),""))="","",IF(IFERROR(INDEX(Supports!$K$4:$K$23,MATCH(SPK!$D$16,Supports!$B$4:$B$23,0)),"")="ETRIER RALLONGE (DN automatique = DN du tube)",IFERROR(INDEX(Catalogue!$B$4:$B$454,SUMPRODUCT(((Catalogue!$C$4:$C$454="ETRIER")*(Catalogue!$E$4:$E$454=(SPK!$D$9+0)))*ROW(Catalogue!$C$4:$C$454))-3),""),IF(IFERROR(INDEX(Supports!$K$4:$K$23,MATCH(SPK!$D$16,Supports!$B$4:$B$23,0)),"")="COLLIER INDUSTRIEL (DN automatique = DN du tube)",IFERROR(INDEX(Catalogue!$B$4:$B$454,SUMPRODUCT(((Catalogue!$C$4:$C$454="COLLIERINDUS")*(Catalogue!$E$4:$E$454=(SPK!$D$9+0)))*ROW(Catalogue!$C$4:$C$454))-3),""),IF(IFERROR(INDEX(Supports!$K$4:$K$23,MATCH(SPK!$D$16,Supports!$B$4:$B$23,0)),"")="COLLIER POIRE (DN automatique = DN du tube)",IFERROR(INDEX(Catalogue!$B$4:$B$454,SUMPRODUCT(((Catalogue!$C$4:$C$454="COLLIERPOIRE")*(Catalogue!$E$4:$E$454=(SPK!$D$9+0)))*ROW(Catalogue!$C$4:$C$454))-3),""),IFERROR(INDEX(Supports!$K$4:$K$23,MATCH(SPK!$D$16,Supports!$B$4:$B$23,0)),""))))) | D16: =IF((IFERROR(INDEX(Supports!$K$4:$K$23,MATCH(SPK!$D$16,Supports!$B$4:$B$23,0)),""))="","",(IFERROR(INDEX(Supports!$L$4:$L$23,MATCH(SPK!$D$16,Supports!$B$4:$B$23,0)),0))*SPK!$D$17) | E16: pce/m | F16: =IF(AND(B16<>"",B16<>"Non trouvé - vérifier",D16<>"",D16<>0),SUMIF($B$2:$B$244,B16,$D$2:$D$244),"") | G16: =IF(AND(B16<>"",B16<>"Non trouvé - vérifier",D16<>"",D16<>0),IF(COUNTIF($B$2:B16,B16)=1,1,0),0) -> 0
A17: Collecteur 1 - Support 2 | B17: =IF((IFERROR(INDEX(Supports!$M$4:$M$23,MATCH(SPK!$D$16,Supports!$B$4:$B$23,0)),""))="","",IF(IFERROR(INDEX(Supports!$M$4:$M$23,MATCH(SPK!$D$16,Supports!$B$4:$B$23,0)),"")="ETRIER RALLONGE (DN automatique = DN du tube)",IFERROR(INDEX(Catalogue!$A$4:$A$454,SUMPRODUCT(((Catalogue!$C$4:$C$454="ETRIER")*(Catalogue!$E$4:$E$454=(SPK!$D$9+0)))*ROW(Catalogue!$C$4:$C$454))-3),"Non trouvé - vérifier"),IF(IFERROR(INDEX(Supports!$M$4:$M$23,MATCH(SPK!$D$16,Supports!$B$4:$B$23,0)),"")="COLLIER INDUSTRIEL (DN automatique = DN du tube)",IFERROR(INDEX(Catalogue!$A$4:$A$454,SUMPRODUCT(((Catalogue!$C$4:$C$454="COLLIERINDUS")*(Catalogue!$E$4:$E$454=(SPK!$D$9+0)))*ROW(Catalogue!$C$4:$C$454))-3),"Non trouvé - vérifier"),IF(IFERROR(INDEX(Supports!$M$4:$M$23,MATCH(SPK!$D$16,Supports!$B$4:$B$23,0)),"")="COLLIER POIRE (DN automatique = DN du tube)",IFERROR(INDEX(Catalogue!$A$4:$A$454,SUMPRODUCT(((Catalogue!$C$4:$C$454="COLLIERPOIRE")*(Catalogue!$E$4:$E$454=(SPK!$D$9+0)))*ROW(Catalogue!$C$4:$C$454))-3),"Non trouvé - vérifier"),IFERROR(INDEX(Catalogue!$A$4:$A$454,MATCH(IFERROR(INDEX(Supports!$M$4:$M$23,MATCH(SPK!$D$16,Supports!$B$4:$B$23,0)),""),Catalogue!$B$4:$B$454,0)),""))))) | C17: =IF((IFERROR(INDEX(Supports!$M$4:$M$23,MATCH(SPK!$D$16,Supports!$B$4:$B$23,0)),""))="","",IF(IFERROR(INDEX(Supports!$M$4:$M$23,MATCH(SPK!$D$16,Supports!$B$4:$B$23,0)),"")="ETRIER RALLONGE (DN automatique = DN du tube)",IFERROR(INDEX(Catalogue!$B$4:$B$454,SUMPRODUCT(((Catalogue!$C$4:$C$454="ETRIER")*(Catalogue!$E$4:$E$454=(SPK!$D$9+0)))*ROW(Catalogue!$C$4:$C$454))-3),""),IF(IFERROR(INDEX(Supports!$M$4:$M$23,MATCH(SPK!$D$16,Supports!$B$4:$B$23,0)),"")="COLLIER INDUSTRIEL (DN automatique = DN du tube)",IFERROR(INDEX(Catalogue!$B$4:$B$454,SUMPRODUCT(((Catalogue!$C$4:$C$454="COLLIERINDUS")*(Catalogue!$E$4:$E$454=(SPK!$D$9+0)))*ROW(Catalogue!$C$4:$C$454))-3),""),IF(IFERROR(INDEX(Supports!$M$4:$M$23,MATCH(SPK!$D$16,Supports!$B$4:$B$23,0)),"")="COLLIER POIRE (DN automatique = DN du tube)",IFERROR(INDEX(Catalogue!$B$4:$B$454,SUMPRODUCT(((Catalogue!$C$4:$C$454="COLLIERPOIRE")*(Catalogue!$E$4:$E$454=(SPK!$D$9+0)))*ROW(Catalogue!$C$4:$C$454))-3),""),IFERROR(INDEX(Supports!$M$4:$M$23,MATCH(SPK!$D$16,Supports!$B$4:$B$23,0)),""))))) | D17: =IF((IFERROR(INDEX(Supports!$M$4:$M$23,MATCH(SPK!$D$16,Supports!$B$4:$B$23,0)),""))="","",(IFERROR(INDEX(Supports!$N$4:$N$23,MATCH(SPK!$D$16,Supports!$B$4:$B$23,0)),0))*SPK!$D$17) | E17: pce/m | F17: =IF(AND(B17<>"",B17<>"Non trouvé - vérifier",D17<>"",D17<>0),SUMIF($B$2:$B$244,B17,$D$2:$D$244),"") | G17: =IF(AND(B17<>"",B17<>"Non trouvé - vérifier",D17<>"",D17<>0),IF(COUNTIF($B$2:B17,B17)=1,1,0),0) -> 0
A18: Collecteur 2 | B18: =IFERROR(INDEX(Catalogue!$A$4:$A$454,SUMPRODUCT(((Catalogue!$C$4:$C$454="TUBE")*(Catalogue!$G$4:$G$454<>"SL")*(Catalogue!$D$4:$D$454=IF(SPK!$D$6="X","GALVA",IF(SPK!$F$6="X","NOIR","")))*(Catalogue!$E$4:$E$454=(SPK!$F$9+0)))*ROW(Catalogue!$C$4:$C$454))-3),"Non trouvé - vérifier") -> Non trouvé - vérifier | C18: =IFERROR(INDEX(Catalogue!$B$4:$B$454,SUMPRODUCT(((Catalogue!$C$4:$C$454="TUBE")*(Catalogue!$G$4:$G$454<>"SL")*(Catalogue!$D$4:$D$454=IF(SPK!$D$6="X","GALVA",IF(SPK!$F$6="X","NOIR","")))*(Catalogue!$E$4:$E$454=(SPK!$F$9+0)))*ROW(Catalogue!$C$4:$C$454))-3),"") | D18: =CEILING((SPK!$F$10),6) -> 0 | E18: ml | F18: =IF(AND(B18<>"",B18<>"Non trouvé - vérifier",D18<>"",D18<>0),SUMIF($B$2:$B$244,B18,$D$2:$D$244),"") | G18: =IF(AND(B18<>"",B18<>"Non trouvé - vérifier",D18<>"",D18<>0),IF(COUNTIF($B$2:B18,B18)=1,1,0),0) -> 0
A19: Collecteur 2 | B19: =IFERROR(INDEX(Catalogue!$A$4:$A$454,SUMPRODUCT(((Catalogue!$C$4:$C$454="COUDE90")*(Catalogue!$D$4:$D$454=IF(SPK!$D$4="X","ROUGE",IF(SPK!$F$4="X","BLANC",IF(SPK!$H$4="X","GALVA",""))))*(Catalogue!$E$4:$E$454=(SPK!$F$9+0)))*ROW(Catalogue!$C$4:$C$454))-3),"Non trouvé - vérifier") -> Non trouvé - vérifier | C19: =IFERROR(INDEX(Catalogue!$B$4:$B$454,SUMPRODUCT(((Catalogue!$C$4:$C$454="COUDE90")*(Catalogue!$D$4:$D$454=IF(SPK!$D$4="X","ROUGE",IF(SPK!$F$4="X","BLANC",IF(SPK!$H$4="X","GALVA",""))))*(Catalogue!$E$4:$E$454=(SPK!$F$9+0)))*ROW(Catalogue!$C$4:$C$454))-3),"") | D19: =SPK!$F$11 -> 0 | E19: pce | F19: =IF(AND(B19<>"",B19<>"Non trouvé - vérifier",D19<>"",D19<>0),SUMIF($B$2:$B$244,B19,$D$2:$D$244),"") | G19: =IF(AND(B19<>"",B19<>"Non trouvé - vérifier",D19<>"",D19<>0),IF(COUNTIF($B$2:B19,B19)=1,1,0),0) -> 0
A20: Collecteur 2 | B20: =IFERROR(INDEX(Catalogue!$A$4:$A$454,SUMPRODUCT(((Catalogue!$C$4:$C$454="CPC")*(Catalogue!$D$4:$D$454=IF(SPK!$D$4="X","ROUGE",IF(SPK!$F$4="X","GALVA",IF(SPK!$H$4="X","GALVA",""))))*(Catalogue!$F$4:$F$454=(SPK!$F$9+0))*(Catalogue!$E$4:$E$454=(SPK!$F$12+0))*(Catalogue!$G$4:$G$454=IF(LEFT(SPK!$F$13,1)="R","RAINURE",IF(LEFT(SPK!$F$13,1)="T","TARAUDE",""))))*ROW(Catalogue!$C$4:$C$454))-3),"Non trouvé - vérifier") -> Non trouvé - vérifier | C20: =IFERROR(INDEX(Catalogue!$B$4:$B$454,SUMPRODUCT(((Catalogue!$C$4:$C$454="CPC")*(Catalogue!$D$4:$D$454=IF(SPK!$D$4="X","ROUGE",IF(SPK!$F$4="X","GALVA",IF(SPK!$H$4="X","GALVA",""))))*(Catalogue!$F$4:$F$454=(SPK!$F$9+0))*(Catalogue!$E$4:$E$454=(SPK!$F$12+0))*(Catalogue!$G$4:$G$454=IF(LEFT(SPK!$F$13,1)="R","RAINURE",IF(LEFT(SPK!$F$13,1)="T","TARAUDE",""))))*ROW(Catalogue!$C$4:$C$454))-3),"") | D20: =1 -> 1 | E20: pce | F20: =IF(AND(B20<>"",B20<>"Non trouvé - vérifier",D20<>"",D20<>0),SUMIF($B$2:$B$244,B20,$D$2:$D$244),"") | G20: =IF(AND(B20<>"",B20<>"Non trouvé - vérifier",D20<>"",D20<>0),IF(COUNTIF($B$2:B20,B20)=1,1,0),0) -> 0
A21: Collecteur 2 | B21: =IFERROR(INDEX(Catalogue!$A$4:$A$454,SUMPRODUCT(((Catalogue!$C$4:$C$454="RACCORD")*(Catalogue!$D$4:$D$454=IF(SPK!$D$4="X","ROUGE",IF(SPK!$F$4="X","BLANC",IF(SPK!$H$4="X","GALVA",""))))*(Catalogue!$E$4:$E$454=(SPK!$F$9+0)))*ROW(Catalogue!$C$4:$C$454))-3),"Non trouvé - vérifier") -> Non trouvé - vérifier | C21: =IFERROR(INDEX(Catalogue!$B$4:$B$454,SUMPRODUCT(((Catalogue!$C$4:$C$454="RACCORD")*(Catalogue!$D$4:$D$454=IF(SPK!$D$4="X","ROUGE",IF(SPK!$F$4="X","BLANC",IF(SPK!$H$4="X","GALVA",""))))*(Catalogue!$E$4:$E$454=(SPK!$F$9+0)))*ROW(Catalogue!$C$4:$C$454))-3),"") | D21: =ROUNDUP(((SPK!$F$10/6)+(SPK!$F$11*2))*1.1,0) -> 0 | E21: pce | F21: =IF(AND(B21<>"",B21<>"Non trouvé - vérifier",D21<>"",D21<>0),SUMIF($B$2:$B$244,B21,$D$2:$D$244),"") | G21: =IF(AND(B21<>"",B21<>"Non trouvé - vérifier",D21<>"",D21<>0),IF(COUNTIF($B$2:B21,B21)=1,1,0),0) -> 0
A22: Collecteur 2 - Support 1 | B22: =IF((IFERROR(INDEX(Supports!$C$4:$C$23,MATCH(SPK!$F$14,Supports!$B$4:$B$23,0)),""))="","",IF(IFERROR(INDEX(Supports!$C$4:$C$23,MATCH(SPK!$F$14,Supports!$B$4:$B$23,0)),"")="ETRIER RALLONGE (DN automatique = DN du tube)",IFERROR(INDEX(Catalogue!$A$4:$A$454,SUMPRODUCT(((Catalogue!$C$4:$C$454="ETRIER")*(Catalogue!$E$4:$E$454=(SPK!$F$9+0)))*ROW(Catalogue!$C$4:$C$454))-3),"Non trouvé - vérifier"),IF(IFERROR(INDEX(Supports!$C$4:$C$23,MATCH(SPK!$F$14,Supports!$B$4:$B$23,0)),"")="COLLIER INDUSTRIEL (DN automatique = DN du tube)",IFERROR(INDEX(Catalogue!$A$4:$A$454,SUMPRODUCT(((Catalogue!$C$4:$C$454="COLLIERINDUS")*(Catalogue!$E$4:$E$454=(SPK!$F$9+0)))*ROW(Catalogue!$C$4:$C$454))-3),"Non trouvé - vérifier"),IF(IFERROR(INDEX(Supports!$C$4:$C$23,MATCH(SPK!$F$14,Supports!$B$4:$B$23,0)),"")="COLLIER POIRE (DN automatique = DN du tube)",IFERROR(INDEX(Catalogue!$A$4:$A$454,SUMPRODUCT(((Catalogue!$C$4:$C$454="COLLIERPOIRE")*(Catalogue!$E$4:$E$454=(SPK!$F$9+0)))*ROW(Catalogue!$C$4:$C$454))-3),"Non trouvé - vérifier"),IFERROR(INDEX(Catalogue!$A$4:$A$454,MATCH(IFERROR(INDEX(Supports!$C$4:$C$23,MATCH(SPK!$F$14,Supports!$B$4:$B$23,0)),""),Catalogue!$B$4:$B$454,0)),""))))) | C22: =IF((IFERROR(INDEX(Supports!$C$4:$C$23,MATCH(SPK!$F$14,Supports!$B$4:$B$23,0)),""))="","",IF(IFERROR(INDEX(Supports!$C$4:$C$23,MATCH(SPK!$F$14,Supports!$B$4:$B$23,0)),"")="ETRIER RALLONGE (DN automatique = DN du tube)",IFERROR(INDEX(Catalogue!$B$4:$B$454,SUMPRODUCT(((Catalogue!$C$4:$C$454="ETRIER")*(Catalogue!$E$4:$E$454=(SPK!$F$9+0)))*ROW(Catalogue!$C$4:$C$454))-3),""),IF(IFERROR(INDEX(Supports!$C$4:$C$23,MATCH(SPK!$F$14,Supports!$B$4:$B$23,0)),"")="COLLIER INDUSTRIEL (DN automatique = DN du tube)",IFERROR(INDEX(Catalogue!$B$4:$B$454,SUMPRODUCT(((Catalogue!$C$4:$C$454="COLLIERINDUS")*(Catalogue!$E$4:$E$454=(SPK!$F$9+0)))*ROW(Catalogue!$C$4:$C$454))-3),""),IF(IFERROR(INDEX(Supports!$C$4:$C$23,MATCH(SPK!$F$14,Supports!$B$4:$B$23,0)),"")="COLLIER POIRE (DN automatique = DN du tube)",IFERROR(INDEX(Catalogue!$B$4:$B$454,SUMPRODUCT(((Catalogue!$C$4:$C$454="COLLIERPOIRE")*(Catalogue!$E$4:$E$454=(SPK!$F$9+0)))*ROW(Catalogue!$C$4:$C$454))-3),""),IFERROR(INDEX(Supports!$C$4:$C$23,MATCH(SPK!$F$14,Supports!$B$4:$B$23,0)),""))))) | D22: =IF((IFERROR(INDEX(Supports!$C$4:$C$23,MATCH(SPK!$F$14,Supports!$B$4:$B$23,0)),""))="","",(IFERROR(INDEX(Supports!$D$4:$D$23,MATCH(SPK!$F$14,Supports!$B$4:$B$23,0)),0))*SPK!$F$15) | E22: pce/m | F22: =IF(AND(B22<>"",B22<>"Non trouvé - vérifier",D22<>"",D22<>0),SUMIF($B$2:$B$244,B22,$D$2:$D$244),"") | G22: =IF(AND(B22<>"",B22<>"Non trouvé - vérifier",D22<>"",D22<>0),IF(COUNTIF($B$2:B22,B22)=1,1,0),0) -> 0
A23: Collecteur 2 - Support 1 | B23: =IF((IFERROR(INDEX(Supports!$E$4:$E$23,MATCH(SPK!$F$14,Supports!$B$4:$B$23,0)),""))="","",IF(IFERROR(INDEX(Supports!$E$4:$E$23,MATCH(SPK!$F$14,Supports!$B$4:$B$23,0)),"")="ETRIER RALLONGE (DN automatique = DN du tube)",IFERROR(INDEX(Catalogue!$A$4:$A$454,SUMPRODUCT(((Catalogue!$C$4:$C$454="ETRIER")*(Catalogue!$E$4:$E$454=(SPK!$F$9+0)))*ROW(Catalogue!$C$4:$C$454))-3),"Non trouvé - vérifier"),IF(IFERROR(INDEX(Supports!$E$4:$E$23,MATCH(SPK!$F$14,Supports!$B$4:$B$23,0)),"")="COLLIER INDUSTRIEL (DN automatique = DN du tube)",IFERROR(INDEX(Catalogue!$A$4:$A$454,SUMPRODUCT(((Catalogue!$C$4:$C$454="COLLIERINDUS")*(Catalogue!$E$4:$E$454=(SPK!$F$9+0)))*ROW(Catalogue!$C$4:$C$454))-3),"Non trouvé - vérifier"),IF(IFERROR(INDEX(Supports!$E$4:$E$23,MATCH(SPK!$F$14,Supports!$B$4:$B$23,0)),"")="COLLIER POIRE (DN automatique = DN du tube)",IFERROR(INDEX(Catalogue!$A$4:$A$454,SUMPRODUCT(((Catalogue!$C$4:$C$454="COLLIERPOIRE")*(Catalogue!$E$4:$E$454=(SPK!$F$9+0)))*ROW(Catalogue!$C$4:$C$454))-3),"Non trouvé - vérifier"),IFERROR(INDEX(Catalogue!$A$4:$A$454,MATCH(IFERROR(INDEX(Supports!$E$4:$E$23,MATCH(SPK!$F$14,Supports!$B$4:$B$23,0)),""),Catalogue!$B$4:$B$454,0)),""))))) | C23: =IF((IFERROR(INDEX(Supports!$E$4:$E$23,MATCH(SPK!$F$14,Supports!$B$4:$B$23,0)),""))="","",IF(IFERROR(INDEX(Supports!$E$4:$E$23,MATCH(SPK!$F$14,Supports!$B$4:$B$23,0)),"")="ETRIER RALLONGE (DN automatique = DN du tube)",IFERROR(INDEX(Catalogue!$B$4:$B$454,SUMPRODUCT(((Catalogue!$C$4:$C$454="ETRIER")*(Catalogue!$E$4:$E$454=(SPK!$F$9+0)))*ROW(Catalogue!$C$4:$C$454))-3),""),IF(IFERROR(INDEX(Supports!$E$4:$E$23,MATCH(SPK!$F$14,Supports!$B$4:$B$23,0)),"")="COLLIER INDUSTRIEL (DN automatique = DN du tube)",IFERROR(INDEX(Catalogue!$B$4:$B$454,SUMPRODUCT(((Catalogue!$C$4:$C$454="COLLIERINDUS")*(Catalogue!$E$4:$E$454=(SPK!$F$9+0)))*ROW(Catalogue!$C$4:$C$454))-3),""),IF(IFERROR(INDEX(Supports!$E$4:$E$23,MATCH(SPK!$F$14,Supports!$B$4:$B$23,0)),"")="COLLIER POIRE (DN automatique = DN du tube)",IFERROR(INDEX(Catalogue!$B$4:$B$454,SUMPRODUCT(((Catalogue!$C$4:$C$454="COLLIERPOIRE")*(Catalogue!$E$4:$E$454=(SPK!$F$9+0)))*ROW(Catalogue!$C$4:$C$454))-3),""),IFERROR(INDEX(Supports!$E$4:$E$23,MATCH(SPK!$F$14,Supports!$B$4:$B$23,0)),""))))) | D23: =IF((IFERROR(INDEX(Supports!$E$4:$E$23,MATCH(SPK!$F$14,Supports!$B$4:$B$23,0)),""))="","",(IFERROR(INDEX(Supports!$F$4:$F$23,MATCH(SPK!$F$14,Supports!$B$4:$B$23,0)),0))*SPK!$F$15) | E23: pce/m | F23: =IF(AND(B23<>"",B23<>"Non trouvé - vérifier",D23<>"",D23<>0),SUMIF($B$2:$B$244,B23,$D$2:$D$244),"") | G23: =IF(AND(B23<>"",B23<>"Non trouvé - vérifier",D23<>"",D23<>0),IF(COUNTIF($B$2:B23,B23)=1,1,0),0) -> 0
A24: Collecteur 2 - Support 1 | B24: =IF((IFERROR(INDEX(Supports!$G$4:$G$23,MATCH(SPK!$F$14,Supports!$B$4:$B$23,0)),""))="","",IF(IFERROR(INDEX(Supports!$G$4:$G$23,MATCH(SPK!$F$14,Supports!$B$4:$B$23,0)),"")="ETRIER RALLONGE (DN automatique = DN du tube)",IFERROR(INDEX(Catalogue!$A$4:$A$454,SUMPRODUCT(((Catalogue!$C$4:$C$454="ETRIER")*(Catalogue!$E$4:$E$454=(SPK!$F$9+0)))*ROW(Catalogue!$C$4:$C$454))-3),"Non trouvé - vérifier"),IF(IFERROR(INDEX(Supports!$G$4:$G$23,MATCH(SPK!$F$14,Supports!$B$4:$B$23,0)),"")="COLLIER INDUSTRIEL (DN automatique = DN du tube)",IFERROR(INDEX(Catalogue!$A$4:$A$454,SUMPRODUCT(((Catalogue!$C$4:$C$454="COLLIERINDUS")*(Catalogue!$E$4:$E$454=(SPK!$F$9+0)))*ROW(Catalogue!$C$4:$C$454))-3),"Non trouvé - vérifier"),IF(IFERROR(INDEX(Supports!$G$4:$G$23,MATCH(SPK!$F$14,Supports!$B$4:$B$23,0)),"")="COLLIER POIRE (DN automatique = DN du tube)",IFERROR(INDEX(Catalogue!$A$4:$A$454,SUMPRODUCT(((Catalogue!$C$4:$C$454="COLLIERPOIRE")*(Catalogue!$E$4:$E$454=(SPK!$F$9+0)))*ROW(Catalogue!$C$4:$C$454))-3),"Non trouvé - vérifier"),IFERROR(INDEX(Catalogue!$A$4:$A$454,MATCH(IFERROR(INDEX(Supports!$G$4:$G$23,MATCH(SPK!$F$14,Supports!$B$4:$B$23,0)),""),Catalogue!$B$4:$B$454,0)),""))))) | C24: =IF((IFERROR(INDEX(Supports!$G$4:$G$23,MATCH(SPK!$F$14,Supports!$B$4:$B$23,0)),""))="","",IF(IFERROR(INDEX(Supports!$G$4:$G$23,MATCH(SPK!$F$14,Supports!$B$4:$B$23,0)),"")="ETRIER RALLONGE (DN automatique = DN du tube)",IFERROR(INDEX(Catalogue!$B$4:$B$454,SUMPRODUCT(((Catalogue!$C$4:$C$454="ETRIER")*(Catalogue!$E$4:$E$454=(SPK!$F$9+0)))*ROW(Catalogue!$C$4:$C$454))-3),""),IF(IFERROR(INDEX(Supports!$G$4:$G$23,MATCH(SPK!$F$14,Supports!$B$4:$B$23,0)),"")="COLLIER INDUSTRIEL (DN automatique = DN du tube)",IFERROR(INDEX(Catalogue!$B$4:$B$454,SUMPRODUCT(((Catalogue!$C$4:$C$454="COLLIERINDUS")*(Catalogue!$E$4:$E$454=(SPK!$F$9+0)))*ROW(Catalogue!$C$4:$C$454))-3),""),IF(IFERROR(INDEX(Supports!$G$4:$G$23,MATCH(SPK!$F$14,Supports!$B$4:$B$23,0)),"")="COLLIER POIRE (DN automatique = DN du tube)",IFERROR(INDEX(Catalogue!$B$4:$B$454,SUMPRODUCT(((Catalogue!$C$4:$C$454="COLLIERPOIRE")*(Catalogue!$E$4:$E$454=(SPK!$F$9+0)))*ROW(Catalogue!$C$4:$C$454))-3),""),IFERROR(INDEX(Supports!$G$4:$G$23,MATCH(SPK!$F$14,Supports!$B$4:$B$23,0)),""))))) | D24: =IF((IFERROR(INDEX(Supports!$G$4:$G$23,MATCH(SPK!$F$14,Supports!$B$4:$B$23,0)),""))="","",(IFERROR(INDEX(Supports!$H$4:$H$23,MATCH(SPK!$F$14,Supports!$B$4:$B$23,0)),0))*SPK!$F$15) | E24: pce/m | F24: =IF(AND(B24<>"",B24<>"Non trouvé - vérifier",D24<>"",D24<>0),SUMIF($B$2:$B$244,B24,$D$2:$D$244),"") | G24: =IF(AND(B24<>"",B24<>"Non trouvé - vérifier",D24<>"",D24<>0),IF(COUNTIF($B$2:B24,B24)=1,1,0),0) -> 0
A25: Collecteur 2 - Support 1 | B25: =IF((IFERROR(INDEX(Supports!$I$4:$I$23,MATCH(SPK!$F$14,Supports!$B$4:$B$23,0)),""))="","",IF(IFERROR(INDEX(Supports!$I$4:$I$23,MATCH(SPK!$F$14,Supports!$B$4:$B$23,0)),"")="ETRIER RALLONGE (DN automatique = DN du tube)",IFERROR(INDEX(Catalogue!$A$4:$A$454,SUMPRODUCT(((Catalogue!$C$4:$C$454="ETRIER")*(Catalogue!$E$4:$E$454=(SPK!$F$9+0)))*ROW(Catalogue!$C$4:$C$454))-3),"Non trouvé - vérifier"),IF(IFERROR(INDEX(Supports!$I$4:$I$23,MATCH(SPK!$F$14,Supports!$B$4:$B$23,0)),"")="COLLIER INDUSTRIEL (DN automatique = DN du tube)",IFERROR(INDEX(Catalogue!$A$4:$A$454,SUMPRODUCT(((Catalogue!$C$4:$C$454="COLLIERINDUS")*(Catalogue!$E$4:$E$454=(SPK!$F$9+0)))*ROW(Catalogue!$C$4:$C$454))-3),"Non trouvé - vérifier"),IF(IFERROR(INDEX(Supports!$I$4:$I$23,MATCH(SPK!$F$14,Supports!$B$4:$B$23,0)),"")="COLLIER POIRE (DN automatique = DN du tube)",IFERROR(INDEX(Catalogue!$A$4:$A$454,SUMPRODUCT(((Catalogue!$C$4:$C$454="COLLIERPOIRE")*(Catalogue!$E$4:$E$454=(SPK!$F$9+0)))*ROW(Catalogue!$C$4:$C$454))-3),"Non trouvé - vérifier"),IFERROR(INDEX(Catalogue!$A$4:$A$454,MATCH(IFERROR(INDEX(Supports!$I$4:$I$23,MATCH(SPK!$F$14,Supports!$B$4:$B$23,0)),""),Catalogue!$B$4:$B$454,0)),""))))) | C25: =IF((IFERROR(INDEX(Supports!$I$4:$I$23,MATCH(SPK!$F$14,Supports!$B$4:$B$23,0)),""))="","",IF(IFERROR(INDEX(Supports!$I$4:$I$23,MATCH(SPK!$F$14,Supports!$B$4:$B$23,0)),"")="ETRIER RALLONGE (DN automatique = DN du tube)",IFERROR(INDEX(Catalogue!$B$4:$B$454,SUMPRODUCT(((Catalogue!$C$4:$C$454="ETRIER")*(Catalogue!$E$4:$E$454=(SPK!$F$9+0)))*ROW(Catalogue!$C$4:$C$454))-3),""),IF(IFERROR(INDEX(Supports!$I$4:$I$23,MATCH(SPK!$F$14,Supports!$B$4:$B$23,0)),"")="COLLIER INDUSTRIEL (DN automatique = DN du tube)",IFERROR(INDEX(Catalogue!$B$4:$B$454,SUMPRODUCT(((Catalogue!$C$4:$C$454="COLLIERINDUS")*(Catalogue!$E$4:$E$454=(SPK!$F$9+0)))*ROW(Catalogue!$C$4:$C$454))-3),""),IF(IFERROR(INDEX(Supports!$I$4:$I$23,MATCH(SPK!$F$14,Supports!$B$4:$B$23,0)),"")="COLLIER POIRE (DN automatique = DN du tube)",IFERROR(INDEX(Catalogue!$B$4:$B$454,SUMPRODUCT(((Catalogue!$C$4:$C$454="COLLIERPOIRE")*(Catalogue!$E$4:$E$454=(SPK!$F$9+0)))*ROW(Catalogue!$C$4:$C$454))-3),""),IFERROR(INDEX(Supports!$I$4:$I$23,MATCH(SPK!$F$14,Supports!$B$4:$B$23,0)),""))))) | D25: =IF((IFERROR(INDEX(Supports!$I$4:$I$23,MATCH(SPK!$F$14,Supports!$B$4:$B$23,0)),""))="","",(IFERROR(INDEX(Supports!$J$4:$J$23,MATCH(SPK!$F$14,Supports!$B$4:$B$23,0)),0))*SPK!$F$15) | E25: pce/m | F25: =IF(AND(B25<>"",B25<>"Non trouvé - vérifier",D25<>"",D25<>0),SUMIF($B$2:$B$244,B25,$D$2:$D$244),"") | G25: =IF(AND(B25<>"",B25<>"Non trouvé - vérifier",D25<>"",D25<>0),IF(COUNTIF($B$2:B25,B25)=1,1,0),0) -> 0
A26: Collecteur 2 - Support 1 | B26: =IF((IFERROR(INDEX(Supports!$K$4:$K$23,MATCH(SPK!$F$14,Supports!$B$4:$B$23,0)),""))="","",IF(IFERROR(INDEX(Supports!$K$4:$K$23,MATCH(SPK!$F$14,Supports!$B$4:$B$23,0)),"")="ETRIER RALLONGE (DN automatique = DN du tube)",IFERROR(INDEX(Catalogue!$A$4:$A$454,SUMPRODUCT(((Catalogue!$C$4:$C$454="ETRIER")*(Catalogue!$E$4:$E$454=(SPK!$F$9+0)))*ROW(Catalogue!$C$4:$C$454))-3),"Non trouvé - vérifier"),IF(IFERROR(INDEX(Supports!$K$4:$K$23,MATCH(SPK!$F$14,Supports!$B$4:$B$23,0)),"")="COLLIER INDUSTRIEL (DN automatique = DN du tube)",IFERROR(INDEX(Catalogue!$A$4:$A$454,SUMPRODUCT(((Catalogue!$C$4:$C$454="COLLIERINDUS")*(Catalogue!$E$4:$E$454=(SPK!$F$9+0)))*ROW(Catalogue!$C$4:$C$454))-3),"Non trouvé - vérifier"),IF(IFERROR(INDEX(Supports!$K$4:$K$23,MATCH(SPK!$F$14,Supports!$B$4:$B$23,0)),"")="COLLIER POIRE (DN automatique = DN du tube)",IFERROR(INDEX(Catalogue!$A$4:$A$454,SUMPRODUCT(((Catalogue!$C$4:$C$454="COLLIERPOIRE")*(Catalogue!$E$4:$E$454=(SPK!$F$9+0)))*ROW(Catalogue!$C$4:$C$454))-3),"Non trouvé - vérifier"),IFERROR(INDEX(Catalogue!$A$4:$A$454,MATCH(IFERROR(INDEX(Supports!$K$4:$K$23,MATCH(SPK!$F$14,Supports!$B$4:$B$23,0)),""),Catalogue!$B$4:$B$454,0)),""))))) | C26: =IF((IFERROR(INDEX(Supports!$K$4:$K$23,MATCH(SPK!$F$14,Supports!$B$4:$B$23,0)),""))="","",IF(IFERROR(INDEX(Supports!$K$4:$K$23,MATCH(SPK!$F$14,Supports!$B$4:$B$23,0)),"")="ETRIER RALLONGE (DN automatique = DN du tube)",IFERROR(INDEX(Catalogue!$B$4:$B$454,SUMPRODUCT(((Catalogue!$C$4:$C$454="ETRIER")*(Catalogue!$E$4:$E$454=(SPK!$F$9+0)))*ROW(Catalogue!$C$4:$C$454))-3),""),IF(IFERROR(INDEX(Supports!$K$4:$K$23,MATCH(SPK!$F$14,Supports!$B$4:$B$23,0)),"")="COLLIER INDUSTRIEL (DN automatique = DN du tube)",IFERROR(INDEX(Catalogue!$B$4:$B$454,SUMPRODUCT(((Catalogue!$C$4:$C$454="COLLIERINDUS")*(Catalogue!$E$4:$E$454=(SPK!$F$9+0)))*ROW(Catalogue!$C$4:$C$454))-3),""),IF(IFERROR(INDEX(Supports!$K$4:$K$23,MATCH(SPK!$F$14,Supports!$B$4:$B$23,0)),"")="COLLIER POIRE (DN automatique = DN du tube)",IFERROR(INDEX(Catalogue!$B$4:$B$454,SUMPRODUCT(((Catalogue!$C$4:$C$454="COLLIERPOIRE")*(Catalogue!$E$4:$E$454=(SPK!$F$9+0)))*ROW(Catalogue!$C$4:$C$454))-3),""),IFERROR(INDEX(Supports!$K$4:$K$23,MATCH(SPK!$F$14,Supports!$B$4:$B$23,0)),""))))) | D26: =IF((IFERROR(INDEX(Supports!$K$4:$K$23,MATCH(SPK!$F$14,Supports!$B$4:$B$23,0)),""))="","",(IFERROR(INDEX(Supports!$L$4:$L$23,MATCH(SPK!$F$14,Supports!$B$4:$B$23,0)),0))*SPK!$F$15) | E26: pce/m | F26: =IF(AND(B26<>"",B26<>"Non trouvé - vérifier",D26<>"",D26<>0),SUMIF($B$2:$B$244,B26,$D$2:$D$244),"") | G26: =IF(AND(B26<>"",B26<>"Non trouvé - vérifier",D26<>"",D26<>0),IF(COUNTIF($B$2:B26,B26)=1,1,0),0) -> 0
A27: Collecteur 2 - Support 1 | B27: =IF((IFERROR(INDEX(Supports!$M$4:$M$23,MATCH(SPK!$F$14,Supports!$B$4:$B$23,0)),""))="","",IF(IFERROR(INDEX(Supports!$M$4:$M$23,MATCH(SPK!$F$14,Supports!$B$4:$B$23,0)),"")="ETRIER RALLONGE (DN automatique = DN du tube)",IFERROR(INDEX(Catalogue!$A$4:$A$454,SUMPRODUCT(((Catalogue!$C$4:$C$454="ETRIER")*(Catalogue!$E$4:$E$454=(SPK!$F$9+0)))*ROW(Catalogue!$C$4:$C$454))-3),"Non trouvé - vérifier"),IF(IFERROR(INDEX(Supports!$M$4:$M$23,MATCH(SPK!$F$14,Supports!$B$4:$B$23,0)),"")="COLLIER INDUSTRIEL (DN automatique = DN du tube)",IFERROR(INDEX(Catalogue!$A$4:$A$454,SUMPRODUCT(((Catalogue!$C$4:$C$454="COLLIERINDUS")*(Catalogue!$E$4:$E$454=(SPK!$F$9+0)))*ROW(Catalogue!$C$4:$C$454))-3),"Non trouvé - vérifier"),IF(IFERROR(INDEX(Supports!$M$4:$M$23,MATCH(SPK!$F$14,Supports!$B$4:$B$23,0)),"")="COLLIER POIRE (DN automatique = DN du tube)",IFERROR(INDEX(Catalogue!$A$4:$A$454,SUMPRODUCT(((Catalogue!$C$4:$C$454="COLLIERPOIRE")*(Catalogue!$E$4:$E$454=(SPK!$F$9+0)))*ROW(Catalogue!$C$4:$C$454))-3),"Non trouvé - vérifier"),IFERROR(INDEX(Catalogue!$A$4:$A$454,MATCH(IFERROR(INDEX(Supports!$M$4:$M$23,MATCH(SPK!$F$14,Supports!$B$4:$B$23,0)),""),Catalogue!$B$4:$B$454,0)),""))))) | C27: =IF((IFERROR(INDEX(Supports!$M$4:$M$23,MATCH(SPK!$F$14,Supports!$B$4:$B$23,0)),""))="","",IF(IFERROR(INDEX(Supports!$M$4:$M$23,MATCH(SPK!$F$14,Supports!$B$4:$B$23,0)),"")="ETRIER RALLONGE (DN automatique = DN du tube)",IFERROR(INDEX(Catalogue!$B$4:$B$454,SUMPRODUCT(((Catalogue!$C$4:$C$454="ETRIER")*(Catalogue!$E$4:$E$454=(SPK!$F$9+0)))*ROW(Catalogue!$C$4:$C$454))-3),""),IF(IFERROR(INDEX(Supports!$M$4:$M$23,MATCH(SPK!$F$14,Supports!$B$4:$B$23,0)),"")="COLLIER INDUSTRIEL (DN automatique = DN du tube)",IFERROR(INDEX(Catalogue!$B$4:$B$454,SUMPRODUCT(((Catalogue!$C$4:$C$454="COLLIERINDUS")*(Catalogue!$E$4:$E$454=(SPK!$F$9+0)))*ROW(Catalogue!$C$4:$C$454))-3),""),IF(IFERROR(INDEX(Supports!$M$4:$M$23,MATCH(SPK!$F$14,Supports!$B$4:$B$23,0)),"")="COLLIER POIRE (DN automatique = DN du tube)",IFERROR(INDEX(Catalogue!$B$4:$B$454,SUMPRODUCT(((Catalogue!$C$4:$C$454="COLLIERPOIRE")*(Catalogue!$E$4:$E$454=(SPK!$F$9+0)))*ROW(Catalogue!$C$4:$C$454))-3),""),IFERROR(INDEX(Supports!$M$4:$M$23,MATCH(SPK!$F$14,Supports!$B$4:$B$23,0)),""))))) | D27: =IF((IFERROR(INDEX(Supports!$M$4:$M$23,MATCH(SPK!$F$14,Supports!$B$4:$B$23,0)),""))="","",(IFERROR(INDEX(Supports!$N$4:$N$23,MATCH(SPK!$F$14,Supports!$B$4:$B$23,0)),0))*SPK!$F$15) | E27: pce/m | F27: =IF(AND(B27<>"",B27<>"Non trouvé - vérifier",D27<>"",D27<>0),SUMIF($B$2:$B$244,B27,$D$2:$D$244),"") | G27: =IF(AND(B27<>"",B27<>"Non trouvé - vérifier",D27<>"",D27<>0),IF(COUNTIF($B$2:B27,B27)=1,1,0),0) -> 0
A28: Collecteur 2 - Support 2 | B28: =IF((IFERROR(INDEX(Supports!$C$4:$C$23,MATCH(SPK!$F$16,Supports!$B$4:$B$23,0)),""))="","",IF(IFERROR(INDEX(Supports!$C$4:$C$23,MATCH(SPK!$F$16,Supports!$B$4:$B$23,0)),"")="ETRIER RALLONGE (DN automatique = DN du tube)",IFERROR(INDEX(Catalogue!$A$4:$A$454,SUMPRODUCT(((Catalogue!$C$4:$C$454="ETRIER")*(Catalogue!$E$4:$E$454=(SPK!$F$9+0)))*ROW(Catalogue!$C$4:$C$454))-3),"Non trouvé - vérifier"),IF(IFERROR(INDEX(Supports!$C$4:$C$23,MATCH(SPK!$F$16,Supports!$B$4:$B$23,0)),"")="COLLIER INDUSTRIEL (DN automatique = DN du tube)",IFERROR(INDEX(Catalogue!$A$4:$A$454,SUMPRODUCT(((Catalogue!$C$4:$C$454="COLLIERINDUS")*(Catalogue!$E$4:$E$454=(SPK!$F$9+0)))*ROW(Catalogue!$C$4:$C$454))-3),"Non trouvé - vérifier"),IF(IFERROR(INDEX(Supports!$C$4:$C$23,MATCH(SPK!$F$16,Supports!$B$4:$B$23,0)),"")="COLLIER POIRE (DN automatique = DN du tube)",IFERROR(INDEX(Catalogue!$A$4:$A$454,SUMPRODUCT(((Catalogue!$C$4:$C$454="COLLIERPOIRE")*(Catalogue!$E$4:$E$454=(SPK!$F$9+0)))*ROW(Catalogue!$C$4:$C$454))-3),"Non trouvé - vérifier"),IFERROR(INDEX(Catalogue!$A$4:$A$454,MATCH(IFERROR(INDEX(Supports!$C$4:$C$23,MATCH(SPK!$F$16,Supports!$B$4:$B$23,0)),""),Catalogue!$B$4:$B$454,0)),""))))) | C28: =IF((IFERROR(INDEX(Supports!$C$4:$C$23,MATCH(SPK!$F$16,Supports!$B$4:$B$23,0)),""))="","",IF(IFERROR(INDEX(Supports!$C$4:$C$23,MATCH(SPK!$F$16,Supports!$B$4:$B$23,0)),"")="ETRIER RALLONGE (DN automatique = DN du tube)",IFERROR(INDEX(Catalogue!$B$4:$B$454,SUMPRODUCT(((Catalogue!$C$4:$C$454="ETRIER")*(Catalogue!$E$4:$E$454=(SPK!$F$9+0)))*ROW(Catalogue!$C$4:$C$454))-3),""),IF(IFERROR(INDEX(Supports!$C$4:$C$23,MATCH(SPK!$F$16,Supports!$B$4:$B$23,0)),"")="COLLIER INDUSTRIEL (DN automatique = DN du tube)",IFERROR(INDEX(Catalogue!$B$4:$B$454,SUMPRODUCT(((Catalogue!$C$4:$C$454="COLLIERINDUS")*(Catalogue!$E$4:$E$454=(SPK!$F$9+0)))*ROW(Catalogue!$C$4:$C$454))-3),""),IF(IFERROR(INDEX(Supports!$C$4:$C$23,MATCH(SPK!$F$16,Supports!$B$4:$B$23,0)),"")="COLLIER POIRE (DN automatique = DN du tube)",IFERROR(INDEX(Catalogue!$B$4:$B$454,SUMPRODUCT(((Catalogue!$C$4:$C$454="COLLIERPOIRE")*(Catalogue!$E$4:$E$454=(SPK!$F$9+0)))*ROW(Catalogue!$C$4:$C$454))-3),""),IFERROR(INDEX(Supports!$C$4:$C$23,MATCH(SPK!$F$16,Supports!$B$4:$B$23,0)),""))))) | D28: =IF((IFERROR(INDEX(Supports!$C$4:$C$23,MATCH(SPK!$F$16,Supports!$B$4:$B$23,0)),""))="","",(IFERROR(INDEX(Supports!$D$4:$D$23,MATCH(SPK!$F$16,Supports!$B$4:$B$23,0)),0))*SPK!$F$17) | E28: pce/m | F28: =IF(AND(B28<>"",B28<>"Non trouvé - vérifier",D28<>"",D28<>0),SUMIF($B$2:$B$244,B28,$D$2:$D$244),"") | G28: =IF(AND(B28<>"",B28<>"Non trouvé - vérifier",D28<>"",D28<>0),IF(COUNTIF($B$2:B28,B28)=1,1,0),0) -> 0
A29: Collecteur 2 - Support 2 | B29: =IF((IFERROR(INDEX(Supports!$E$4:$E$23,MATCH(SPK!$F$16,Supports!$B$4:$B$23,0)),""))="","",IF(IFERROR(INDEX(Supports!$E$4:$E$23,MATCH(SPK!$F$16,Supports!$B$4:$B$23,0)),"")="ETRIER RALLONGE (DN automatique = DN du tube)",IFERROR(INDEX(Catalogue!$A$4:$A$454,SUMPRODUCT(((Catalogue!$C$4:$C$454="ETRIER")*(Catalogue!$E$4:$E$454=(SPK!$F$9+0)))*ROW(Catalogue!$C$4:$C$454))-3),"Non trouvé - vérifier"),IF(IFERROR(INDEX(Supports!$E$4:$E$23,MATCH(SPK!$F$16,Supports!$B$4:$B$23,0)),"")="COLLIER INDUSTRIEL (DN automatique = DN du tube)",IFERROR(INDEX(Catalogue!$A$4:$A$454,SUMPRODUCT(((Catalogue!$C$4:$C$454="COLLIERINDUS")*(Catalogue!$E$4:$E$454=(SPK!$F$9+0)))*ROW(Catalogue!$C$4:$C$454))-3),"Non trouvé - vérifier"),IF(IFERROR(INDEX(Supports!$E$4:$E$23,MATCH(SPK!$F$16,Supports!$B$4:$B$23,0)),"")="COLLIER POIRE (DN automatique = DN du tube)",IFERROR(INDEX(Catalogue!$A$4:$A$454,SUMPRODUCT(((Catalogue!$C$4:$C$454="COLLIERPOIRE")*(Catalogue!$E$4:$E$454=(SPK!$F$9+0)))*ROW(Catalogue!$C$4:$C$454))-3),"Non trouvé - vérifier"),IFERROR(INDEX(Catalogue!$A$4:$A$454,MATCH(IFERROR(INDEX(Supports!$E$4:$E$23,MATCH(SPK!$F$16,Supports!$B$4:$B$23,0)),""),Catalogue!$B$4:$B$454,0)),""))))) | C29: =IF((IFERROR(INDEX(Supports!$E$4:$E$23,MATCH(SPK!$F$16,Supports!$B$4:$B$23,0)),""))="","",IF(IFERROR(INDEX(Supports!$E$4:$E$23,MATCH(SPK!$F$16,Supports!$B$4:$B$23,0)),"")="ETRIER RALLONGE (DN automatique = DN du tube)",IFERROR(INDEX(Catalogue!$B$4:$B$454,SUMPRODUCT(((Catalogue!$C$4:$C$454="ETRIER")*(Catalogue!$E$4:$E$454=(SPK!$F$9+0)))*ROW(Catalogue!$C$4:$C$454))-3),""),IF(IFERROR(INDEX(Supports!$E$4:$E$23,MATCH(SPK!$F$16,Supports!$B$4:$B$23,0)),"")="COLLIER INDUSTRIEL (DN automatique = DN du tube)",IFERROR(INDEX(Catalogue!$B$4:$B$454,SUMPRODUCT(((Catalogue!$C$4:$C$454="COLLIERINDUS")*(Catalogue!$E$4:$E$454=(SPK!$F$9+0)))*ROW(Catalogue!$C$4:$C$454))-3),""),IF(IFERROR(INDEX(Supports!$E$4:$E$23,MATCH(SPK!$F$16,Supports!$B$4:$B$23,0)),"")="COLLIER POIRE (DN automatique = DN du tube)",IFERROR(INDEX(Catalogue!$B$4:$B$454,SUMPRODUCT(((Catalogue!$C$4:$C$454="COLLIERPOIRE")*(Catalogue!$E$4:$E$454=(SPK!$F$9+0)))*ROW(Catalogue!$C$4:$C$454))-3),""),IFERROR(INDEX(Supports!$E$4:$E$23,MATCH(SPK!$F$16,Supports!$B$4:$B$23,0)),""))))) | D29: =IF((IFERROR(INDEX(Supports!$E$4:$E$23,MATCH(SPK!$F$16,Supports!$B$4:$B$23,0)),""))="","",(IFERROR(INDEX(Supports!$F$4:$F$23,MATCH(SPK!$F$16,Supports!$B$4:$B$23,0)),0))*SPK!$F$17) | E29: pce/m | F29: =IF(AND(B29<>"",B29<>"Non trouvé - vérifier",D29<>"",D29<>0),SUMIF($B$2:$B$244,B29,$D$2:$D$244),"") | G29: =IF(AND(B29<>"",B29<>"Non trouvé - vérifier",D29<>"",D29<>0),IF(COUNTIF($B$2:B29,B29)=1,1,0),0) -> 0
A30: Collecteur 2 - Support 2 | B30: =IF((IFERROR(INDEX(Supports!$G$4:$G$23,MATCH(SPK!$F$16,Supports!$B$4:$B$23,0)),""))="","",IF(IFERROR(INDEX(Supports!$G$4:$G$23,MATCH(SPK!$F$16,Supports!$B$4:$B$23,0)),"")="ETRIER RALLONGE (DN automatique = DN du tube)",IFERROR(INDEX(Catalogue!$A$4:$A$454,SUMPRODUCT(((Catalogue!$C$4:$C$454="ETRIER")*(Catalogue!$E$4:$E$454=(SPK!$F$9+0)))*ROW(Catalogue!$C$4:$C$454))-3),"Non trouvé - vérifier"),IF(IFERROR(INDEX(Supports!$G$4:$G$23,MATCH(SPK!$F$16,Supports!$B$4:$B$23,0)),"")="COLLIER INDUSTRIEL (DN automatique = DN du tube)",IFERROR(INDEX(Catalogue!$A$4:$A$454,SUMPRODUCT(((Catalogue!$C$4:$C$454="COLLIERINDUS")*(Catalogue!$E$4:$E$454=(SPK!$F$9+0)))*ROW(Catalogue!$C$4:$C$454))-3),"Non trouvé - vérifier"),IF(IFERROR(INDEX(Supports!$G$4:$G$23,MATCH(SPK!$F$16,Supports!$B$4:$B$23,0)),"")="COLLIER POIRE (DN automatique = DN du tube)",IFERROR(INDEX(Catalogue!$A$4:$A$454,SUMPRODUCT(((Catalogue!$C$4:$C$454="COLLIERPOIRE")*(Catalogue!$E$4:$E$454=(SPK!$F$9+0)))*ROW(Catalogue!$C$4:$C$454))-3),"Non trouvé - vérifier"),IFERROR(INDEX(Catalogue!$A$4:$A$454,MATCH(IFERROR(INDEX(Supports!$G$4:$G$23,MATCH(SPK!$F$16,Supports!$B$4:$B$23,0)),""),Catalogue!$B$4:$B$454,0)),""))))) | C30: =IF((IFERROR(INDEX(Supports!$G$4:$G$23,MATCH(SPK!$F$16,Supports!$B$4:$B$23,0)),""))="","",IF(IFERROR(INDEX(Supports!$G$4:$G$23,MATCH(SPK!$F$16,Supports!$B$4:$B$23,0)),"")="ETRIER RALLONGE (DN automatique = DN du tube)",IFERROR(INDEX(Catalogue!$B$4:$B$454,SUMPRODUCT(((Catalogue!$C$4:$C$454="ETRIER")*(Catalogue!$E$4:$E$454=(SPK!$F$9+0)))*ROW(Catalogue!$C$4:$C$454))-3),""),IF(IFERROR(INDEX(Supports!$G$4:$G$23,MATCH(SPK!$F$16,Supports!$B$4:$B$23,0)),"")="COLLIER INDUSTRIEL (DN automatique = DN du tube)",IFERROR(INDEX(Catalogue!$B$4:$B$454,SUMPRODUCT(((Catalogue!$C$4:$C$454="COLLIERINDUS")*(Catalogue!$E$4:$E$454=(SPK!$F$9+0)))*ROW(Catalogue!$C$4:$C$454))-3),""),IF(IFERROR(INDEX(Supports!$G$4:$G$23,MATCH(SPK!$F$16,Supports!$B$4:$B$23,0)),"")="COLLIER POIRE (DN automatique = DN du tube)",IFERROR(INDEX(Catalogue!$B$4:$B$454,SUMPRODUCT(((Catalogue!$C$4:$C$454="COLLIERPOIRE")*(Catalogue!$E$4:$E$454=(SPK!$F$9+0)))*ROW(Catalogue!$C$4:$C$454))-3),""),IFERROR(INDEX(Supports!$G$4:$G$23,MATCH(SPK!$F$16,Supports!$B$4:$B$23,0)),""))))) | D30: =IF((IFERROR(INDEX(Supports!$G$4:$G$23,MATCH(SPK!$F$16,Supports!$B$4:$B$23,0)),""))="","",(IFERROR(INDEX(Supports!$H$4:$H$23,MATCH(SPK!$F$16,Supports!$B$4:$B$23,0)),0))*SPK!$F$17) | E30: pce/m | F30: =IF(AND(B30<>"",B30<>"Non trouvé - vérifier",D30<>"",D30<>0),SUMIF($B$2:$B$244,B30,$D$2:$D$244),"") | G30: =IF(AND(B30<>"",B30<>"Non trouvé - vérifier",D30<>"",D30<>0),IF(COUNTIF($B$2:B30,B30)=1,1,0),0) -> 0
A31: Collecteur 2 - Support 2 | B31: =IF((IFERROR(INDEX(Supports!$I$4:$I$23,MATCH(SPK!$F$16,Supports!$B$4:$B$23,0)),""))="","",IF(IFERROR(INDEX(Supports!$I$4:$I$23,MATCH(SPK!$F$16,Supports!$B$4:$B$23,0)),"")="ETRIER RALLONGE (DN automatique = DN du tube)",IFERROR(INDEX(Catalogue!$A$4:$A$454,SUMPRODUCT(((Catalogue!$C$4:$C$454="ETRIER")*(Catalogue!$E$4:$E$454=(SPK!$F$9+0)))*ROW(Catalogue!$C$4:$C$454))-3),"Non trouvé - vérifier"),IF(IFERROR(INDEX(Supports!$I$4:$I$23,MATCH(SPK!$F$16,Supports!$B$4:$B$23,0)),"")="COLLIER INDUSTRIEL (DN automatique = DN du tube)",IFERROR(INDEX(Catalogue!$A$4:$A$454,SUMPRODUCT(((Catalogue!$C$4:$C$454="COLLIERINDUS")*(Catalogue!$E$4:$E$454=(SPK!$F$9+0)))*ROW(Catalogue!$C$4:$C$454))-3),"Non trouvé - vérifier"),IF(IFERROR(INDEX(Supports!$I$4:$I$23,MATCH(SPK!$F$16,Supports!$B$4:$B$23,0)),"")="COLLIER POIRE (DN automatique = DN du tube)",IFERROR(INDEX(Catalogue!$A$4:$A$454,SUMPRODUCT(((Catalogue!$C$4:$C$454="COLLIERPOIRE")*(Catalogue!$E$4:$E$454=(SPK!$F$9+0)))*ROW(Catalogue!$C$4:$C$454))-3),"Non trouvé - vérifier"),IFERROR(INDEX(Catalogue!$A$4:$A$454,MATCH(IFERROR(INDEX(Supports!$I$4:$I$23,MATCH(SPK!$F$16,Supports!$B$4:$B$23,0)),""),Catalogue!$B$4:$B$454,0)),""))))) | C31: =IF((IFERROR(INDEX(Supports!$I$4:$I$23,MATCH(SPK!$F$16,Supports!$B$4:$B$23,0)),""))="","",IF(IFERROR(INDEX(Supports!$I$4:$I$23,MATCH(SPK!$F$16,Supports!$B$4:$B$23,0)),"")="ETRIER RALLONGE (DN automatique = DN du tube)",IFERROR(INDEX(Catalogue!$B$4:$B$454,SUMPRODUCT(((Catalogue!$C$4:$C$454="ETRIER")*(Catalogue!$E$4:$E$454=(SPK!$F$9+0)))*ROW(Catalogue!$C$4:$C$454))-3),""),IF(IFERROR(INDEX(Supports!$I$4:$I$23,MATCH(SPK!$F$16,Supports!$B$4:$B$23,0)),"")="COLLIER INDUSTRIEL (DN automatique = DN du tube)",IFERROR(INDEX(Catalogue!$B$4:$B$454,SUMPRODUCT(((Catalogue!$C$4:$C$454="COLLIERINDUS")*(Catalogue!$E$4:$E$454=(SPK!$F$9+0)))*ROW(Catalogue!$C$4:$C$454))-3),""),IF(IFERROR(INDEX(Supports!$I$4:$I$23,MATCH(SPK!$F$16,Supports!$B$4:$B$23,0)),"")="COLLIER POIRE (DN automatique = DN du tube)",IFERROR(INDEX(Catalogue!$B$4:$B$454,SUMPRODUCT(((Catalogue!$C$4:$C$454="COLLIERPOIRE")*(Catalogue!$E$4:$E$454=(SPK!$F$9+0)))*ROW(Catalogue!$C$4:$C$454))-3),""),IFERROR(INDEX(Supports!$I$4:$I$23,MATCH(SPK!$F$16,Supports!$B$4:$B$23,0)),""))))) | D31: =IF((IFERROR(INDEX(Supports!$I$4:$I$23,MATCH(SPK!$F$16,Supports!$B$4:$B$23,0)),""))="","",(IFERROR(INDEX(Supports!$J$4:$J$23,MATCH(SPK!$F$16,Supports!$B$4:$B$23,0)),0))*SPK!$F$17) | E31: pce/m | F31: =IF(AND(B31<>"",B31<>"Non trouvé - vérifier",D31<>"",D31<>0),SUMIF($B$2:$B$244,B31,$D$2:$D$244),"") | G31: =IF(AND(B31<>"",B31<>"Non trouvé - vérifier",D31<>"",D31<>0),IF(COUNTIF($B$2:B31,B31)=1,1,0),0) -> 0
A32: Collecteur 2 - Support 2 | B32: =IF((IFERROR(INDEX(Supports!$K$4:$K$23,MATCH(SPK!$F$16,Supports!$B$4:$B$23,0)),""))="","",IF(IFERROR(INDEX(Supports!$K$4:$K$23,MATCH(SPK!$F$16,Supports!$B$4:$B$23,0)),"")="ETRIER RALLONGE (DN automatique = DN du tube)",IFERROR(INDEX(Catalogue!$A$4:$A$454,SUMPRODUCT(((Catalogue!$C$4:$C$454="ETRIER")*(Catalogue!$E$4:$E$454=(SPK!$F$9+0)))*ROW(Catalogue!$C$4:$C$454))-3),"Non trouvé - vérifier"),IF(IFERROR(INDEX(Supports!$K$4:$K$23,MATCH(SPK!$F$16,Supports!$B$4:$B$23,0)),"")="COLLIER INDUSTRIEL (DN automatique = DN du tube)",IFERROR(INDEX(Catalogue!$A$4:$A$454,SUMPRODUCT(((Catalogue!$C$4:$C$454="COLLIERINDUS")*(Catalogue!$E$4:$E$454=(SPK!$F$9+0)))*ROW(Catalogue!$C$4:$C$454))-3),"Non trouvé - vérifier"),IF(IFERROR(INDEX(Supports!$K$4:$K$23,MATCH(SPK!$F$16,Supports!$B$4:$B$23,0)),"")="COLLIER POIRE (DN automatique = DN du tube)",IFERROR(INDEX(Catalogue!$A$4:$A$454,SUMPRODUCT(((Catalogue!$C$4:$C$454="COLLIERPOIRE")*(Catalogue!$E$4:$E$454=(SPK!$F$9+0)))*ROW(Catalogue!$C$4:$C$454))-3),"Non trouvé - vérifier"),IFERROR(INDEX(Catalogue!$A$4:$A$454,MATCH(IFERROR(INDEX(Supports!$K$4:$K$23,MATCH(SPK!$F$16,Supports!$B$4:$B$23,0)),""),Catalogue!$B$4:$B$454,0)),""))))) | C32: =IF((IFERROR(INDEX(Supports!$K$4:$K$23,MATCH(SPK!$F$16,Supports!$B$4:$B$23,0)),""))="","",IF(IFERROR(INDEX(Supports!$K$4:$K$23,MATCH(SPK!$F$16,Supports!$B$4:$B$23,0)),"")="ETRIER RALLONGE (DN automatique = DN du tube)",IFERROR(INDEX(Catalogue!$B$4:$B$454,SUMPRODUCT(((Catalogue!$C$4:$C$454="ETRIER")*(Catalogue!$E$4:$E$454=(SPK!$F$9+0)))*ROW(Catalogue!$C$4:$C$454))-3),""),IF(IFERROR(INDEX(Supports!$K$4:$K$23,MATCH(SPK!$F$16,Supports!$B$4:$B$23,0)),"")="COLLIER INDUSTRIEL (DN automatique = DN du tube)",IFERROR(INDEX(Catalogue!$B$4:$B$454,SUMPRODUCT(((Catalogue!$C$4:$C$454="COLLIERINDUS")*(Catalogue!$E$4:$E$454=(SPK!$F$9+0)))*ROW(Catalogue!$C$4:$C$454))-3),""),IF(IFERROR(INDEX(Supports!$K$4:$K$23,MATCH(SPK!$F$16,Supports!$B$4:$B$23,0)),"")="COLLIER POIRE (DN automatique = DN du tube)",IFERROR(INDEX(Catalogue!$B$4:$B$454,SUMPRODUCT(((Catalogue!$C$4:$C$454="COLLIERPOIRE")*(Catalogue!$E$4:$E$454=(SPK!$F$9+0)))*ROW(Catalogue!$C$4:$C$454))-3),""),IFERROR(INDEX(Supports!$K$4:$K$23,MATCH(SPK!$F$16,Supports!$B$4:$B$23,0)),""))))) | D32: =IF((IFERROR(INDEX(Supports!$K$4:$K$23,MATCH(SPK!$F$16,Supports!$B$4:$B$23,0)),""))="","",(IFERROR(INDEX(Supports!$L$4:$L$23,MATCH(SPK!$F$16,Supports!$B$4:$B$23,0)),0))*SPK!$F$17) | E32: pce/m | F32: =IF(AND(B32<>"",B32<>"Non trouvé - vérifier",D32<>"",D32<>0),SUMIF($B$2:$B$244,B32,$D$2:$D$244),"") | G32: =IF(AND(B32<>"",B32<>"Non trouvé - vérifier",D32<>"",D32<>0),IF(COUNTIF($B$2:B32,B32)=1,1,0),0) -> 0
A33: Collecteur 2 - Support 2 | B33: =IF((IFERROR(INDEX(Supports!$M$4:$M$23,MATCH(SPK!$F$16,Supports!$B$4:$B$23,0)),""))="","",IF(IFERROR(INDEX(Supports!$M$4:$M$23,MATCH(SPK!$F$16,Supports!$B$4:$B$23,0)),"")="ETRIER RALLONGE (DN automatique = DN du tube)",IFERROR(INDEX(Catalogue!$A$4:$A$454,SUMPRODUCT(((Catalogue!$C$4:$C$454="ETRIER")*(Catalogue!$E$4:$E$454=(SPK!$F$9+0)))*ROW(Catalogue!$C$4:$C$454))-3),"Non trouvé - vérifier"),IF(IFERROR(INDEX(Supports!$M$4:$M$23,MATCH(SPK!$F$16,Supports!$B$4:$B$23,0)),"")="COLLIER INDUSTRIEL (DN automatique = DN du tube)",IFERROR(INDEX(Catalogue!$A$4:$A$454,SUMPRODUCT(((Catalogue!$C$4:$C$454="COLLIERINDUS")*(Catalogue!$E$4:$E$454=(SPK!$F$9+0)))*ROW(Catalogue!$C$4:$C$454))-3),"Non trouvé - vérifier"),IF(IFERROR(INDEX(Supports!$M$4:$M$23,MATCH(SPK!$F$16,Supports!$B$4:$B$23,0)),"")="COLLIER POIRE (DN automatique = DN du tube)",IFERROR(INDEX(Catalogue!$A$4:$A$454,SUMPRODUCT(((Catalogue!$C$4:$C$454="COLLIERPOIRE")*(Catalogue!$E$4:$E$454=(SPK!$F$9+0)))*ROW(Catalogue!$C$4:$C$454))-3),"Non trouvé - vérifier"),IFERROR(INDEX(Catalogue!$A$4:$A$454,MATCH(IFERROR(INDEX(Supports!$M$4:$M$23,MATCH(SPK!$F$16,Supports!$B$4:$B$23,0)),""),Catalogue!$B$4:$B$454,0)),""))))) | C33: =IF((IFERROR(INDEX(Supports!$M$4:$M$23,MATCH(SPK!$F$16,Supports!$B$4:$B$23,0)),""))="","",IF(IFERROR(INDEX(Supports!$M$4:$M$23,MATCH(SPK!$F$16,Supports!$B$4:$B$23,0)),"")="ETRIER RALLONGE (DN automatique = DN du tube)",IFERROR(INDEX(Catalogue!$B$4:$B$454,SUMPRODUCT(((Catalogue!$C$4:$C$454="ETRIER")*(Catalogue!$E$4:$E$454=(SPK!$F$9+0)))*ROW(Catalogue!$C$4:$C$454))-3),""),IF(IFERROR(INDEX(Supports!$M$4:$M$23,MATCH(SPK!$F$16,Supports!$B$4:$B$23,0)),"")="COLLIER INDUSTRIEL (DN automatique = DN du tube)",IFERROR(INDEX(Catalogue!$B$4:$B$454,SUMPRODUCT(((Catalogue!$C$4:$C$454="COLLIERINDUS")*(Catalogue!$E$4:$E$454=(SPK!$F$9+0)))*ROW(Catalogue!$C$4:$C$454))-3),""),IF(IFERROR(INDEX(Supports!$M$4:$M$23,MATCH(SPK!$F$16,Supports!$B$4:$B$23,0)),"")="COLLIER POIRE (DN automatique = DN du tube)",IFERROR(INDEX(Catalogue!$B$4:$B$454,SUMPRODUCT(((Catalogue!$C$4:$C$454="COLLIERPOIRE")*(Catalogue!$E$4:$E$454=(SPK!$F$9+0)))*ROW(Catalogue!$C$4:$C$454))-3),""),IFERROR(INDEX(Supports!$M$4:$M$23,MATCH(SPK!$F$16,Supports!$B$4:$B$23,0)),""))))) | D33: =IF((IFERROR(INDEX(Supports!$M$4:$M$23,MATCH(SPK!$F$16,Supports!$B$4:$B$23,0)),""))="","",(IFERROR(INDEX(Supports!$N$4:$N$23,MATCH(SPK!$F$16,Supports!$B$4:$B$23,0)),0))*SPK!$F$17) | E33: pce/m | F33: =IF(AND(B33<>"",B33<>"Non trouvé - vérifier",D33<>"",D33<>0),SUMIF($B$2:$B$244,B33,$D$2:$D$244),"") | G33: =IF(AND(B33<>"",B33<>"Non trouvé - vérifier",D33<>"",D33<>0),IF(COUNTIF($B$2:B33,B33)=1,1,0),0) -> 0
A34: Collecteur 3 | B34: =IFERROR(INDEX(Catalogue!$A$4:$A$454,SUMPRODUCT(((Catalogue!$C$4:$C$454="TUBE")*(Catalogue!$G$4:$G$454<>"SL")*(Catalogue!$D$4:$D$454=IF(SPK!$D$6="X","GALVA",IF(SPK!$F$6="X","NOIR","")))*(Catalogue!$E$4:$E$454=(SPK!$H$9+0)))*ROW(Catalogue!$C$4:$C$454))-3),"Non trouvé - vérifier") -> Non trouvé - vérifier | C34: =IFERROR(INDEX(Catalogue!$B$4:$B$454,SUMPRODUCT(((Catalogue!$C$4:$C$454="TUBE")*(Catalogue!$G$4:$G$454<>"SL")*(Catalogue!$D$4:$D$454=IF(SPK!$D$6="X","GALVA",IF(SPK!$F$6="X","NOIR","")))*(Catalogue!$E$4:$E$454=(SPK!$H$9+0)))*ROW(Catalogue!$C$4:$C$454))-3),"") | D34: =CEILING((SPK!$H$10),6) -> 0 | E34: ml | F34: =IF(AND(B34<>"",B34<>"Non trouvé - vérifier",D34<>"",D34<>0),SUMIF($B$2:$B$244,B34,$D$2:$D$244),"") | G34: =IF(AND(B34<>"",B34<>"Non trouvé - vérifier",D34<>"",D34<>0),IF(COUNTIF($B$2:B34,B34)=1,1,0),0) -> 0
A35: Collecteur 3 | B35: =IFERROR(INDEX(Catalogue!$A$4:$A$454,SUMPRODUCT(((Catalogue!$C$4:$C$454="COUDE90")*(Catalogue!$D$4:$D$454=IF(SPK!$D$4="X","ROUGE",IF(SPK!$F$4="X","BLANC",IF(SPK!$H$4="X","GALVA",""))))*(Catalogue!$E$4:$E$454=(SPK!$H$9+0)))*ROW(Catalogue!$C$4:$C$454))-3),"Non trouvé - vérifier") -> Non trouvé - vérifier | C35: =IFERROR(INDEX(Catalogue!$B$4:$B$454,SUMPRODUCT(((Catalogue!$C$4:$C$454="COUDE90")*(Catalogue!$D$4:$D$454=IF(SPK!$D$4="X","ROUGE",IF(SPK!$F$4="X","BLANC",IF(SPK!$H$4="X","GALVA",""))))*(Catalogue!$E$4:$E$454=(SPK!$H$9+0)))*ROW(Catalogue!$C$4:$C$454))-3),"") | D35: =SPK!$H$11 -> 0 | E35: pce | F35: =IF(AND(B35<>"",B35<>"Non trouvé - vérifier",D35<>"",D35<>0),SUMIF($B$2:$B$244,B35,$D$2:$D$244),"") | G35: =IF(AND(B35<>"",B35<>"Non trouvé - vérifier",D35<>"",D35<>0),IF(COUNTIF($B$2:B35,B35)=1,1,0),0) -> 0
A36: Collecteur 3 | B36: =IFERROR(INDEX(Catalogue!$A$4:$A$454,SUMPRODUCT(((Catalogue!$C$4:$C$454="CPC")*(Catalogue!$D$4:$D$454=IF(SPK!$D$4="X","ROUGE",IF(SPK!$F$4="X","GALVA",IF(SPK!$H$4="X","GALVA",""))))*(Catalogue!$F$4:$F$454=(SPK!$H$9+0))*(Catalogue!$E$4:$E$454=(SPK!$H$12+0))*(Catalogue!$G$4:$G$454=IF(LEFT(SPK!$H$13,1)="R","RAINURE",IF(LEFT(SPK!$H$13,1)="T","TARAUDE",""))))*ROW(Catalogue!$C$4:$C$454))-3),"Non trouvé - vérifier") -> Non trouvé - vérifier | C36: =IFERROR(INDEX(Catalogue!$B$4:$B$454,SUMPRODUCT(((Catalogue!$C$4:$C$454="CPC")*(Catalogue!$D$4:$D$454=IF(SPK!$D$4="X","ROUGE",IF(SPK!$F$4="X","GALVA",IF(SPK!$H$4="X","GALVA",""))))*(Catalogue!$F$4:$F$454=(SPK!$H$9+0))*(Catalogue!$E$4:$E$454=(SPK!$H$12+0))*(Catalogue!$G$4:$G$454=IF(LEFT(SPK!$H$13,1)="R","RAINURE",IF(LEFT(SPK!$H$13,1)="T","TARAUDE",""))))*ROW(Catalogue!$C$4:$C$454))-3),"") | D36: =1 -> 1 | E36: pce | F36: =IF(AND(B36<>"",B36<>"Non trouvé - vérifier",D36<>"",D36<>0),SUMIF($B$2:$B$244,B36,$D$2:$D$244),"") | G36: =IF(AND(B36<>"",B36<>"Non trouvé - vérifier",D36<>"",D36<>0),IF(COUNTIF($B$2:B36,B36)=1,1,0),0) -> 0
A37: Collecteur 3 | B37: =IFERROR(INDEX(Catalogue!$A$4:$A$454,SUMPRODUCT(((Catalogue!$C$4:$C$454="RACCORD")*(Catalogue!$D$4:$D$454=IF(SPK!$D$4="X","ROUGE",IF(SPK!$F$4="X","BLANC",IF(SPK!$H$4="X","GALVA",""))))*(Catalogue!$E$4:$E$454=(SPK!$H$9+0)))*ROW(Catalogue!$C$4:$C$454))-3),"Non trouvé - vérifier") -> Non trouvé - vérifier | C37: =IFERROR(INDEX(Catalogue!$B$4:$B$454,SUMPRODUCT(((Catalogue!$C$4:$C$454="RACCORD")*(Catalogue!$D$4:$D$454=IF(SPK!$D$4="X","ROUGE",IF(SPK!$F$4="X","BLANC",IF(SPK!$H$4="X","GALVA",""))))*(Catalogue!$E$4:$E$454=(SPK!$H$9+0)))*ROW(Catalogue!$C$4:$C$454))-3),"") | D37: =ROUNDUP(((SPK!$H$10/6)+(SPK!$H$11*2))*1.1,0) -> 0 | E37: pce | F37: =IF(AND(B37<>"",B37<>"Non trouvé - vérifier",D37<>"",D37<>0),SUMIF($B$2:$B$244,B37,$D$2:$D$244),"") | G37: =IF(AND(B37<>"",B37<>"Non trouvé - vérifier",D37<>"",D37<>0),IF(COUNTIF($B$2:B37,B37)=1,1,0),0) -> 0
A38: Collecteur 3 - Support 1 | B38: =IF((IFERROR(INDEX(Supports!$C$4:$C$23,MATCH(SPK!$H$14,Supports!$B$4:$B$23,0)),""))="","",IF(IFERROR(INDEX(Supports!$C$4:$C$23,MATCH(SPK!$H$14,Supports!$B$4:$B$23,0)),"")="ETRIER RALLONGE (DN automatique = DN du tube)",IFERROR(INDEX(Catalogue!$A$4:$A$454,SUMPRODUCT(((Catalogue!$C$4:$C$454="ETRIER")*(Catalogue!$E$4:$E$454=(SPK!$H$9+0)))*ROW(Catalogue!$C$4:$C$454))-3),"Non trouvé - vérifier"),IF(IFERROR(INDEX(Supports!$C$4:$C$23,MATCH(SPK!$H$14,Supports!$B$4:$B$23,0)),"")="COLLIER INDUSTRIEL (DN automatique = DN du tube)",IFERROR(INDEX(Catalogue!$A$4:$A$454,SUMPRODUCT(((Catalogue!$C$4:$C$454="COLLIERINDUS")*(Catalogue!$E$4:$E$454=(SPK!$H$9+0)))*ROW(Catalogue!$C$4:$C$454))-3),"Non trouvé - vérifier"),IF(IFERROR(INDEX(Supports!$C$4:$C$23,MATCH(SPK!$H$14,Supports!$B$4:$B$23,0)),"")="COLLIER POIRE (DN automatique = DN du tube)",IFERROR(INDEX(Catalogue!$A$4:$A$454,SUMPRODUCT(((Catalogue!$C$4:$C$454="COLLIERPOIRE")*(Catalogue!$E$4:$E$454=(SPK!$H$9+0)))*ROW(Catalogue!$C$4:$C$454))-3),"Non trouvé - vérifier"),IFERROR(INDEX(Catalogue!$A$4:$A$454,MATCH(IFERROR(INDEX(Supports!$C$4:$C$23,MATCH(SPK!$H$14,Supports!$B$4:$B$23,0)),""),Catalogue!$B$4:$B$454,0)),""))))) | C38: =IF((IFERROR(INDEX(Supports!$C$4:$C$23,MATCH(SPK!$H$14,Supports!$B$4:$B$23,0)),""))="","",IF(IFERROR(INDEX(Supports!$C$4:$C$23,MATCH(SPK!$H$14,Supports!$B$4:$B$23,0)),"")="ETRIER RALLONGE (DN automatique = DN du tube)",IFERROR(INDEX(Catalogue!$B$4:$B$454,SUMPRODUCT(((Catalogue!$C$4:$C$454="ETRIER")*(Catalogue!$E$4:$E$454=(SPK!$H$9+0)))*ROW(Catalogue!$C$4:$C$454))-3),""),IF(IFERROR(INDEX(Supports!$C$4:$C$23,MATCH(SPK!$H$14,Supports!$B$4:$B$23,0)),"")="COLLIER INDUSTRIEL (DN automatique = DN du tube)",IFERROR(INDEX(Catalogue!$B$4:$B$454,SUMPRODUCT(((Catalogue!$C$4:$C$454="COLLIERINDUS")*(Catalogue!$E$4:$E$454=(SPK!$H$9+0)))*ROW(Catalogue!$C$4:$C$454))-3),""),IF(IFERROR(INDEX(Supports!$C$4:$C$23,MATCH(SPK!$H$14,Supports!$B$4:$B$23,0)),"")="COLLIER POIRE (DN automatique = DN du tube)",IFERROR(INDEX(Catalogue!$B$4:$B$454,SUMPRODUCT(((Catalogue!$C$4:$C$454="COLLIERPOIRE")*(Catalogue!$E$4:$E$454=(SPK!$H$9+0)))*ROW(Catalogue!$C$4:$C$454))-3),""),IFERROR(INDEX(Supports!$C$4:$C$23,MATCH(SPK!$H$14,Supports!$B$4:$B$23,0)),""))))) | D38: =IF((IFERROR(INDEX(Supports!$C$4:$C$23,MATCH(SPK!$H$14,Supports!$B$4:$B$23,0)),""))="","",(IFERROR(INDEX(Supports!$D$4:$D$23,MATCH(SPK!$H$14,Supports!$B$4:$B$23,0)),0))*SPK!$H$15) | E38: pce/m | F38: =IF(AND(B38<>"",B38<>"Non trouvé - vérifier",D38<>"",D38<>0),SUMIF($B$2:$B$244,B38,$D$2:$D$244),"") | G38: =IF(AND(B38<>"",B38<>"Non trouvé - vérifier",D38<>"",D38<>0),IF(COUNTIF($B$2:B38,B38)=1,1,0),0) -> 0
A39: Collecteur 3 - Support 1 | B39: =IF((IFERROR(INDEX(Supports!$E$4:$E$23,MATCH(SPK!$H$14,Supports!$B$4:$B$23,0)),""))="","",IF(IFERROR(INDEX(Supports!$E$4:$E$23,MATCH(SPK!$H$14,Supports!$B$4:$B$23,0)),"")="ETRIER RALLONGE (DN automatique = DN du tube)",IFERROR(INDEX(Catalogue!$A$4:$A$454,SUMPRODUCT(((Catalogue!$C$4:$C$454="ETRIER")*(Catalogue!$E$4:$E$454=(SPK!$H$9+0)))*ROW(Catalogue!$C$4:$C$454))-3),"Non trouvé - vérifier"),IF(IFERROR(INDEX(Supports!$E$4:$E$23,MATCH(SPK!$H$14,Supports!$B$4:$B$23,0)),"")="COLLIER INDUSTRIEL (DN automatique = DN du tube)",IFERROR(INDEX(Catalogue!$A$4:$A$454,SUMPRODUCT(((Catalogue!$C$4:$C$454="COLLIERINDUS")*(Catalogue!$E$4:$E$454=(SPK!$H$9+0)))*ROW(Catalogue!$C$4:$C$454))-3),"Non trouvé - vérifier"),IF(IFERROR(INDEX(Supports!$E$4:$E$23,MATCH(SPK!$H$14,Supports!$B$4:$B$23,0)),"")="COLLIER POIRE (DN automatique = DN du tube)",IFERROR(INDEX(Catalogue!$A$4:$A$454,SUMPRODUCT(((Catalogue!$C$4:$C$454="COLLIERPOIRE")*(Catalogue!$E$4:$E$454=(SPK!$H$9+0)))*ROW(Catalogue!$C$4:$C$454))-3),"Non trouvé - vérifier"),IFERROR(INDEX(Catalogue!$A$4:$A$454,MATCH(IFERROR(INDEX(Supports!$E$4:$E$23,MATCH(SPK!$H$14,Supports!$B$4:$B$23,0)),""),Catalogue!$B$4:$B$454,0)),""))))) | C39: =IF((IFERROR(INDEX(Supports!$E$4:$E$23,MATCH(SPK!$H$14,Supports!$B$4:$B$23,0)),""))="","",IF(IFERROR(INDEX(Supports!$E$4:$E$23,MATCH(SPK!$H$14,Supports!$B$4:$B$23,0)),"")="ETRIER RALLONGE (DN automatique = DN du tube)",IFERROR(INDEX(Catalogue!$B$4:$B$454,SUMPRODUCT(((Catalogue!$C$4:$C$454="ETRIER")*(Catalogue!$E$4:$E$454=(SPK!$H$9+0)))*ROW(Catalogue!$C$4:$C$454))-3),""),IF(IFERROR(INDEX(Supports!$E$4:$E$23,MATCH(SPK!$H$14,Supports!$B$4:$B$23,0)),"")="COLLIER INDUSTRIEL (DN automatique = DN du tube)",IFERROR(INDEX(Catalogue!$B$4:$B$454,SUMPRODUCT(((Catalogue!$C$4:$C$454="COLLIERINDUS")*(Catalogue!$E$4:$E$454=(SPK!$H$9+0)))*ROW(Catalogue!$C$4:$C$454))-3),""),IF(IFERROR(INDEX(Supports!$E$4:$E$23,MATCH(SPK!$H$14,Supports!$B$4:$B$23,0)),"")="COLLIER POIRE (DN automatique = DN du tube)",IFERROR(INDEX(Catalogue!$B$4:$B$454,SUMPRODUCT(((Catalogue!$C$4:$C$454="COLLIERPOIRE")*(Catalogue!$E$4:$E$454=(SPK!$H$9+0)))*ROW(Catalogue!$C$4:$C$454))-3),""),IFERROR(INDEX(Supports!$E$4:$E$23,MATCH(SPK!$H$14,Supports!$B$4:$B$23,0)),""))))) | D39: =IF((IFERROR(INDEX(Supports!$E$4:$E$23,MATCH(SPK!$H$14,Supports!$B$4:$B$23,0)),""))="","",(IFERROR(INDEX(Supports!$F$4:$F$23,MATCH(SPK!$H$14,Supports!$B$4:$B$23,0)),0))*SPK!$H$15) | E39: pce/m | F39: =IF(AND(B39<>"",B39<>"Non trouvé - vérifier",D39<>"",D39<>0),SUMIF($B$2:$B$244,B39,$D$2:$D$244),"") | G39: =IF(AND(B39<>"",B39<>"Non trouvé - vérifier",D39<>"",D39<>0),IF(COUNTIF($B$2:B39,B39)=1,1,0),0) -> 0
A40: Collecteur 3 - Support 1 | B40: =IF((IFERROR(INDEX(Supports!$G$4:$G$23,MATCH(SPK!$H$14,Supports!$B$4:$B$23,0)),""))="","",IF(IFERROR(INDEX(Supports!$G$4:$G$23,MATCH(SPK!$H$14,Supports!$B$4:$B$23,0)),"")="ETRIER RALLONGE (DN automatique = DN du tube)",IFERROR(INDEX(Catalogue!$A$4:$A$454,SUMPRODUCT(((Catalogue!$C$4:$C$454="ETRIER")*(Catalogue!$E$4:$E$454=(SPK!$H$9+0)))*ROW(Catalogue!$C$4:$C$454))-3),"Non trouvé - vérifier"),IF(IFERROR(INDEX(Supports!$G$4:$G$23,MATCH(SPK!$H$14,Supports!$B$4:$B$23,0)),"")="COLLIER INDUSTRIEL (DN automatique = DN du tube)",IFERROR(INDEX(Catalogue!$A$4:$A$454,SUMPRODUCT(((Catalogue!$C$4:$C$454="COLLIERINDUS")*(Catalogue!$E$4:$E$454=(SPK!$H$9+0)))*ROW(Catalogue!$C$4:$C$454))-3),"Non trouvé - vérifier"),IF(IFERROR(INDEX(Supports!$G$4:$G$23,MATCH(SPK!$H$14,Supports!$B$4:$B$23,0)),"")="COLLIER POIRE (DN automatique = DN du tube)",IFERROR(INDEX(Catalogue!$A$4:$A$454,SUMPRODUCT(((Catalogue!$C$4:$C$454="COLLIERPOIRE")*(Catalogue!$E$4:$E$454=(SPK!$H$9+0)))*ROW(Catalogue!$C$4:$C$454))-3),"Non trouvé - vérifier"),IFERROR(INDEX(Catalogue!$A$4:$A$454,MATCH(IFERROR(INDEX(Supports!$G$4:$G$23,MATCH(SPK!$H$14,Supports!$B$4:$B$23,0)),""),Catalogue!$B$4:$B$454,0)),""))))) | C40: =IF((IFERROR(INDEX(Supports!$G$4:$G$23,MATCH(SPK!$H$14,Supports!$B$4:$B$23,0)),""))="","",IF(IFERROR(INDEX(Supports!$G$4:$G$23,MATCH(SPK!$H$14,Supports!$B$4:$B$23,0)),"")="ETRIER RALLONGE (DN automatique = DN du tube)",IFERROR(INDEX(Catalogue!$B$4:$B$454,SUMPRODUCT(((Catalogue!$C$4:$C$454="ETRIER")*(Catalogue!$E$4:$E$454=(SPK!$H$9+0)))*ROW(Catalogue!$C$4:$C$454))-3),""),IF(IFERROR(INDEX(Supports!$G$4:$G$23,MATCH(SPK!$H$14,Supports!$B$4:$B$23,0)),"")="COLLIER INDUSTRIEL (DN automatique = DN du tube)",IFERROR(INDEX(Catalogue!$B$4:$B$454,SUMPRODUCT(((Catalogue!$C$4:$C$454="COLLIERINDUS")*(Catalogue!$E$4:$E$454=(SPK!$H$9+0)))*ROW(Catalogue!$C$4:$C$454))-3),""),IF(IFERROR(INDEX(Supports!$G$4:$G$23,MATCH(SPK!$H$14,Supports!$B$4:$B$23,0)),"")="COLLIER POIRE (DN automatique = DN du tube)",IFERROR(INDEX(Catalogue!$B$4:$B$454,SUMPRODUCT(((Catalogue!$C$4:$C$454="COLLIERPOIRE")*(Catalogue!$E$4:$E$454=(SPK!$H$9+0)))*ROW(Catalogue!$C$4:$C$454))-3),""),IFERROR(INDEX(Supports!$G$4:$G$23,MATCH(SPK!$H$14,Supports!$B$4:$B$23,0)),""))))) | D40: =IF((IFERROR(INDEX(Supports!$G$4:$G$23,MATCH(SPK!$H$14,Supports!$B$4:$B$23,0)),""))="","",(IFERROR(INDEX(Supports!$H$4:$H$23,MATCH(SPK!$H$14,Supports!$B$4:$B$23,0)),0))*SPK!$H$15) | E40: pce/m | F40: =IF(AND(B40<>"",B40<>"Non trouvé - vérifier",D40<>"",D40<>0),SUMIF($B$2:$B$244,B40,$D$2:$D$244),"") | G40: =IF(AND(B40<>"",B40<>"Non trouvé - vérifier",D40<>"",D40<>0),IF(COUNTIF($B$2:B40,B40)=1,1,0),0) -> 0
A41: Collecteur 3 - Support 1 | B41: =IF((IFERROR(INDEX(Supports!$I$4:$I$23,MATCH(SPK!$H$14,Supports!$B$4:$B$23,0)),""))="","",IF(IFERROR(INDEX(Supports!$I$4:$I$23,MATCH(SPK!$H$14,Supports!$B$4:$B$23,0)),"")="ETRIER RALLONGE (DN automatique = DN du tube)",IFERROR(INDEX(Catalogue!$A$4:$A$454,SUMPRODUCT(((Catalogue!$C$4:$C$454="ETRIER")*(Catalogue!$E$4:$E$454=(SPK!$H$9+0)))*ROW(Catalogue!$C$4:$C$454))-3),"Non trouvé - vérifier"),IF(IFERROR(INDEX(Supports!$I$4:$I$23,MATCH(SPK!$H$14,Supports!$B$4:$B$23,0)),"")="COLLIER INDUSTRIEL (DN automatique = DN du tube)",IFERROR(INDEX(Catalogue!$A$4:$A$454,SUMPRODUCT(((Catalogue!$C$4:$C$454="COLLIERINDUS")*(Catalogue!$E$4:$E$454=(SPK!$H$9+0)))*ROW(Catalogue!$C$4:$C$454))-3),"Non trouvé - vérifier"),IF(IFERROR(INDEX(Supports!$I$4:$I$23,MATCH(SPK!$H$14,Supports!$B$4:$B$23,0)),"")="COLLIER POIRE (DN automatique = DN du tube)",IFERROR(INDEX(Catalogue!$A$4:$A$454,SUMPRODUCT(((Catalogue!$C$4:$C$454="COLLIERPOIRE")*(Catalogue!$E$4:$E$454=(SPK!$H$9+0)))*ROW(Catalogue!$C$4:$C$454))-3),"Non trouvé - vérifier"),IFERROR(INDEX(Catalogue!$A$4:$A$454,MATCH(IFERROR(INDEX(Supports!$I$4:$I$23,MATCH(SPK!$H$14,Supports!$B$4:$B$23,0)),""),Catalogue!$B$4:$B$454,0)),""))))) | C41: =IF((IFERROR(INDEX(Supports!$I$4:$I$23,MATCH(SPK!$H$14,Supports!$B$4:$B$23,0)),""))="","",IF(IFERROR(INDEX(Supports!$I$4:$I$23,MATCH(SPK!$H$14,Supports!$B$4:$B$23,0)),"")="ETRIER RALLONGE (DN automatique = DN du tube)",IFERROR(INDEX(Catalogue!$B$4:$B$454,SUMPRODUCT(((Catalogue!$C$4:$C$454="ETRIER")*(Catalogue!$E$4:$E$454=(SPK!$H$9+0)))*ROW(Catalogue!$C$4:$C$454))-3),""),IF(IFERROR(INDEX(Supports!$I$4:$I$23,MATCH(SPK!$H$14,Supports!$B$4:$B$23,0)),"")="COLLIER INDUSTRIEL (DN automatique = DN du tube)",IFERROR(INDEX(Catalogue!$B$4:$B$454,SUMPRODUCT(((Catalogue!$C$4:$C$454="COLLIERINDUS")*(Catalogue!$E$4:$E$454=(SPK!$H$9+0)))*ROW(Catalogue!$C$4:$C$454))-3),""),IF(IFERROR(INDEX(Supports!$I$4:$I$23,MATCH(SPK!$H$14,Supports!$B$4:$B$23,0)),"")="COLLIER POIRE (DN automatique = DN du tube)",IFERROR(INDEX(Catalogue!$B$4:$B$454,SUMPRODUCT(((Catalogue!$C$4:$C$454="COLLIERPOIRE")*(Catalogue!$E$4:$E$454=(SPK!$H$9+0)))*ROW(Catalogue!$C$4:$C$454))-3),""),IFERROR(INDEX(Supports!$I$4:$I$23,MATCH(SPK!$H$14,Supports!$B$4:$B$23,0)),""))))) | D41: =IF((IFERROR(INDEX(Supports!$I$4:$I$23,MATCH(SPK!$H$14,Supports!$B$4:$B$23,0)),""))="","",(IFERROR(INDEX(Supports!$J$4:$J$23,MATCH(SPK!$H$14,Supports!$B$4:$B$23,0)),0))*SPK!$H$15) | E41: pce/m | F41: =IF(AND(B41<>"",B41<>"Non trouvé - vérifier",D41<>"",D41<>0),SUMIF($B$2:$B$244,B41,$D$2:$D$244),"") | G41: =IF(AND(B41<>"",B41<>"Non trouvé - vérifier",D41<>"",D41<>0),IF(COUNTIF($B$2:B41,B41)=1,1,0),0) -> 0
A42: Collecteur 3 - Support 1 | B42: =IF((IFERROR(INDEX(Supports!$K$4:$K$23,MATCH(SPK!$H$14,Supports!$B$4:$B$23,0)),""))="","",IF(IFERROR(INDEX(Supports!$K$4:$K$23,MATCH(SPK!$H$14,Supports!$B$4:$B$23,0)),"")="ETRIER RALLONGE (DN automatique = DN du tube)",IFERROR(INDEX(Catalogue!$A$4:$A$454,SUMPRODUCT(((Catalogue!$C$4:$C$454="ETRIER")*(Catalogue!$E$4:$E$454=(SPK!$H$9+0)))*ROW(Catalogue!$C$4:$C$454))-3),"Non trouvé - vérifier"),IF(IFERROR(INDEX(Supports!$K$4:$K$23,MATCH(SPK!$H$14,Supports!$B$4:$B$23,0)),"")="COLLIER INDUSTRIEL (DN automatique = DN du tube)",IFERROR(INDEX(Catalogue!$A$4:$A$454,SUMPRODUCT(((Catalogue!$C$4:$C$454="COLLIERINDUS")*(Catalogue!$E$4:$E$454=(SPK!$H$9+0)))*ROW(Catalogue!$C$4:$C$454))-3),"Non trouvé - vérifier"),IF(IFERROR(INDEX(Supports!$K$4:$K$23,MATCH(SPK!$H$14,Supports!$B$4:$B$23,0)),"")="COLLIER POIRE (DN automatique = DN du tube)",IFERROR(INDEX(Catalogue!$A$4:$A$454,SUMPRODUCT(((Catalogue!$C$4:$C$454="COLLIERPOIRE")*(Catalogue!$E$4:$E$454=(SPK!$H$9+0)))*ROW(Catalogue!$C$4:$C$454))-3),"Non trouvé - vérifier"),IFERROR(INDEX(Catalogue!$A$4:$A$454,MATCH(IFERROR(INDEX(Supports!$K$4:$K$23,MATCH(SPK!$H$14,Supports!$B$4:$B$23,0)),""),Catalogue!$B$4:$B$454,0)),""))))) | C42: =IF((IFERROR(INDEX(Supports!$K$4:$K$23,MATCH(SPK!$H$14,Supports!$B$4:$B$23,0)),""))="","",IF(IFERROR(INDEX(Supports!$K$4:$K$23,MATCH(SPK!$H$14,Supports!$B$4:$B$23,0)),"")="ETRIER RALLONGE (DN automatique = DN du tube)",IFERROR(INDEX(Catalogue!$B$4:$B$454,SUMPRODUCT(((Catalogue!$C$4:$C$454="ETRIER")*(Catalogue!$E$4:$E$454=(SPK!$H$9+0)))*ROW(Catalogue!$C$4:$C$454))-3),""),IF(IFERROR(INDEX(Supports!$K$4:$K$23,MATCH(SPK!$H$14,Supports!$B$4:$B$23,0)),"")="COLLIER INDUSTRIEL (DN automatique = DN du tube)",IFERROR(INDEX(Catalogue!$B$4:$B$454,SUMPRODUCT(((Catalogue!$C$4:$C$454="COLLIERINDUS")*(Catalogue!$E$4:$E$454=(SPK!$H$9+0)))*ROW(Catalogue!$C$4:$C$454))-3),""),IF(IFERROR(INDEX(Supports!$K$4:$K$23,MATCH(SPK!$H$14,Supports!$B$4:$B$23,0)),"")="COLLIER POIRE (DN automatique = DN du tube)",IFERROR(INDEX(Catalogue!$B$4:$B$454,SUMPRODUCT(((Catalogue!$C$4:$C$454="COLLIERPOIRE")*(Catalogue!$E$4:$E$454=(SPK!$H$9+0)))*ROW(Catalogue!$C$4:$C$454))-3),""),IFERROR(INDEX(Supports!$K$4:$K$23,MATCH(SPK!$H$14,Supports!$B$4:$B$23,0)),""))))) | D42: =IF((IFERROR(INDEX(Supports!$K$4:$K$23,MATCH(SPK!$H$14,Supports!$B$4:$B$23,0)),""))="","",(IFERROR(INDEX(Supports!$L$4:$L$23,MATCH(SPK!$H$14,Supports!$B$4:$B$23,0)),0))*SPK!$H$15) | E42: pce/m | F42: =IF(AND(B42<>"",B42<>"Non trouvé - vérifier",D42<>"",D42<>0),SUMIF($B$2:$B$244,B42,$D$2:$D$244),"") | G42: =IF(AND(B42<>"",B42<>"Non trouvé - vérifier",D42<>"",D42<>0),IF(COUNTIF($B$2:B42,B42)=1,1,0),0) -> 0
A43: Collecteur 3 - Support 1 | B43: =IF((IFERROR(INDEX(Supports!$M$4:$M$23,MATCH(SPK!$H$14,Supports!$B$4:$B$23,0)),""))="","",IF(IFERROR(INDEX(Supports!$M$4:$M$23,MATCH(SPK!$H$14,Supports!$B$4:$B$23,0)),"")="ETRIER RALLONGE (DN automatique = DN du tube)",IFERROR(INDEX(Catalogue!$A$4:$A$454,SUMPRODUCT(((Catalogue!$C$4:$C$454="ETRIER")*(Catalogue!$E$4:$E$454=(SPK!$H$9+0)))*ROW(Catalogue!$C$4:$C$454))-3),"Non trouvé - vérifier"),IF(IFERROR(INDEX(Supports!$M$4:$M$23,MATCH(SPK!$H$14,Supports!$B$4:$B$23,0)),"")="COLLIER INDUSTRIEL (DN automatique = DN du tube)",IFERROR(INDEX(Catalogue!$A$4:$A$454,SUMPRODUCT(((Catalogue!$C$4:$C$454="COLLIERINDUS")*(Catalogue!$E$4:$E$454=(SPK!$H$9+0)))*ROW(Catalogue!$C$4:$C$454))-3),"Non trouvé - vérifier"),IF(IFERROR(INDEX(Supports!$M$4:$M$23,MATCH(SPK!$H$14,Supports!$B$4:$B$23,0)),"")="COLLIER POIRE (DN automatique = DN du tube)",IFERROR(INDEX(Catalogue!$A$4:$A$454,SUMPRODUCT(((Catalogue!$C$4:$C$454="COLLIERPOIRE")*(Catalogue!$E$4:$E$454=(SPK!$H$9+0)))*ROW(Catalogue!$C$4:$C$454))-3),"Non trouvé - vérifier"),IFERROR(INDEX(Catalogue!$A$4:$A$454,MATCH(IFERROR(INDEX(Supports!$M$4:$M$23,MATCH(SPK!$H$14,Supports!$B$4:$B$23,0)),""),Catalogue!$B$4:$B$454,0)),""))))) | C43: =IF((IFERROR(INDEX(Supports!$M$4:$M$23,MATCH(SPK!$H$14,Supports!$B$4:$B$23,0)),""))="","",IF(IFERROR(INDEX(Supports!$M$4:$M$23,MATCH(SPK!$H$14,Supports!$B$4:$B$23,0)),"")="ETRIER RALLONGE (DN automatique = DN du tube)",IFERROR(INDEX(Catalogue!$B$4:$B$454,SUMPRODUCT(((Catalogue!$C$4:$C$454="ETRIER")*(Catalogue!$E$4:$E$454=(SPK!$H$9+0)))*ROW(Catalogue!$C$4:$C$454))-3),""),IF(IFERROR(INDEX(Supports!$M$4:$M$23,MATCH(SPK!$H$14,Supports!$B$4:$B$23,0)),"")="COLLIER INDUSTRIEL (DN automatique = DN du tube)",IFERROR(INDEX(Catalogue!$B$4:$B$454,SUMPRODUCT(((Catalogue!$C$4:$C$454="COLLIERINDUS")*(Catalogue!$E$4:$E$454=(SPK!$H$9+0)))*ROW(Catalogue!$C$4:$C$454))-3),""),IF(IFERROR(INDEX(Supports!$M$4:$M$23,MATCH(SPK!$H$14,Supports!$B$4:$B$23,0)),"")="COLLIER POIRE (DN automatique = DN du tube)",IFERROR(INDEX(Catalogue!$B$4:$B$454,SUMPRODUCT(((Catalogue!$C$4:$C$454="COLLIERPOIRE")*(Catalogue!$E$4:$E$454=(SPK!$H$9+0)))*ROW(Catalogue!$C$4:$C$454))-3),""),IFERROR(INDEX(Supports!$M$4:$M$23,MATCH(SPK!$H$14,Supports!$B$4:$B$23,0)),""))))) | D43: =IF((IFERROR(INDEX(Supports!$M$4:$M$23,MATCH(SPK!$H$14,Supports!$B$4:$B$23,0)),""))="","",(IFERROR(INDEX(Supports!$N$4:$N$23,MATCH(SPK!$H$14,Supports!$B$4:$B$23,0)),0))*SPK!$H$15) | E43: pce/m | F43: =IF(AND(B43<>"",B43<>"Non trouvé - vérifier",D43<>"",D43<>0),SUMIF($B$2:$B$244,B43,$D$2:$D$244),"") | G43: =IF(AND(B43<>"",B43<>"Non trouvé - vérifier",D43<>"",D43<>0),IF(COUNTIF($B$2:B43,B43)=1,1,0),0) -> 0
A44: Collecteur 3 - Support 2 | B44: =IF((IFERROR(INDEX(Supports!$C$4:$C$23,MATCH(SPK!$H$16,Supports!$B$4:$B$23,0)),""))="","",IF(IFERROR(INDEX(Supports!$C$4:$C$23,MATCH(SPK!$H$16,Supports!$B$4:$B$23,0)),"")="ETRIER RALLONGE (DN automatique = DN du tube)",IFERROR(INDEX(Catalogue!$A$4:$A$454,SUMPRODUCT(((Catalogue!$C$4:$C$454="ETRIER")*(Catalogue!$E$4:$E$454=(SPK!$H$9+0)))*ROW(Catalogue!$C$4:$C$454))-3),"Non trouvé - vérifier"),IF(IFERROR(INDEX(Supports!$C$4:$C$23,MATCH(SPK!$H$16,Supports!$B$4:$B$23,0)),"")="COLLIER INDUSTRIEL (DN automatique = DN du tube)",IFERROR(INDEX(Catalogue!$A$4:$A$454,SUMPRODUCT(((Catalogue!$C$4:$C$454="COLLIERINDUS")*(Catalogue!$E$4:$E$454=(SPK!$H$9+0)))*ROW(Catalogue!$C$4:$C$454))-3),"Non trouvé - vérifier"),IF(IFERROR(INDEX(Supports!$C$4:$C$23,MATCH(SPK!$H$16,Supports!$B$4:$B$23,0)),"")="COLLIER POIRE (DN automatique = DN du tube)",IFERROR(INDEX(Catalogue!$A$4:$A$454,SUMPRODUCT(((Catalogue!$C$4:$C$454="COLLIERPOIRE")*(Catalogue!$E$4:$E$454=(SPK!$H$9+0)))*ROW(Catalogue!$C$4:$C$454))-3),"Non trouvé - vérifier"),IFERROR(INDEX(Catalogue!$A$4:$A$454,MATCH(IFERROR(INDEX(Supports!$C$4:$C$23,MATCH(SPK!$H$16,Supports!$B$4:$B$23,0)),""),Catalogue!$B$4:$B$454,0)),""))))) | C44: =IF((IFERROR(INDEX(Supports!$C$4:$C$23,MATCH(SPK!$H$16,Supports!$B$4:$B$23,0)),""))="","",IF(IFERROR(INDEX(Supports!$C$4:$C$23,MATCH(SPK!$H$16,Supports!$B$4:$B$23,0)),"")="ETRIER RALLONGE (DN automatique = DN du tube)",IFERROR(INDEX(Catalogue!$B$4:$B$454,SUMPRODUCT(((Catalogue!$C$4:$C$454="ETRIER")*(Catalogue!$E$4:$E$454=(SPK!$H$9+0)))*ROW(Catalogue!$C$4:$C$454))-3),""),IF(IFERROR(INDEX(Supports!$C$4:$C$23,MATCH(SPK!$H$16,Supports!$B$4:$B$23,0)),"")="COLLIER INDUSTRIEL (DN automatique = DN du tube)",IFERROR(INDEX(Catalogue!$B$4:$B$454,SUMPRODUCT(((Catalogue!$C$4:$C$454="COLLIERINDUS")*(Catalogue!$E$4:$E$454=(SPK!$H$9+0)))*ROW(Catalogue!$C$4:$C$454))-3),""),IF(IFERROR(INDEX(Supports!$C$4:$C$23,MATCH(SPK!$H$16,Supports!$B$4:$B$23,0)),"")="COLLIER POIRE (DN automatique = DN du tube)",IFERROR(INDEX(Catalogue!$B$4:$B$454,SUMPRODUCT(((Catalogue!$C$4:$C$454="COLLIERPOIRE")*(Catalogue!$E$4:$E$454=(SPK!$H$9+0)))*ROW(Catalogue!$C$4:$C$454))-3),""),IFERROR(INDEX(Supports!$C$4:$C$23,MATCH(SPK!$H$16,Supports!$B$4:$B$23,0)),""))))) | D44: =IF((IFERROR(INDEX(Supports!$C$4:$C$23,MATCH(SPK!$H$16,Supports!$B$4:$B$23,0)),""))="","",(IFERROR(INDEX(Supports!$D$4:$D$23,MATCH(SPK!$H$16,Supports!$B$4:$B$23,0)),0))*SPK!$H$17) | E44: pce/m | F44: =IF(AND(B44<>"",B44<>"Non trouvé - vérifier",D44<>"",D44<>0),SUMIF($B$2:$B$244,B44,$D$2:$D$244),"") | G44: =IF(AND(B44<>"",B44<>"Non trouvé - vérifier",D44<>"",D44<>0),IF(COUNTIF($B$2:B44,B44)=1,1,0),0) -> 0
A45: Collecteur 3 - Support 2 | B45: =IF((IFERROR(INDEX(Supports!$E$4:$E$23,MATCH(SPK!$H$16,Supports!$B$4:$B$23,0)),""))="","",IF(IFERROR(INDEX(Supports!$E$4:$E$23,MATCH(SPK!$H$16,Supports!$B$4:$B$23,0)),"")="ETRIER RALLONGE (DN automatique = DN du tube)",IFERROR(INDEX(Catalogue!$A$4:$A$454,SUMPRODUCT(((Catalogue!$C$4:$C$454="ETRIER")*(Catalogue!$E$4:$E$454=(SPK!$H$9+0)))*ROW(Catalogue!$C$4:$C$454))-3),"Non trouvé - vérifier"),IF(IFERROR(INDEX(Supports!$E$4:$E$23,MATCH(SPK!$H$16,Supports!$B$4:$B$23,0)),"")="COLLIER INDUSTRIEL (DN automatique = DN du tube)",IFERROR(INDEX(Catalogue!$A$4:$A$454,SUMPRODUCT(((Catalogue!$C$4:$C$454="COLLIERINDUS")*(Catalogue!$E$4:$E$454=(SPK!$H$9+0)))*ROW(Catalogue!$C$4:$C$454))-3),"Non trouvé - vérifier"),IF(IFERROR(INDEX(Supports!$E$4:$E$23,MATCH(SPK!$H$16,Supports!$B$4:$B$23,0)),"")="COLLIER POIRE (DN automatique = DN du tube)",IFERROR(INDEX(Catalogue!$A$4:$A$454,SUMPRODUCT(((Catalogue!$C$4:$C$454="COLLIERPOIRE")*(Catalogue!$E$4:$E$454=(SPK!$H$9+0)))*ROW(Catalogue!$C$4:$C$454))-3),"Non trouvé - vérifier"),IFERROR(INDEX(Catalogue!$A$4:$A$454,MATCH(IFERROR(INDEX(Supports!$E$4:$E$23,MATCH(SPK!$H$16,Supports!$B$4:$B$23,0)),""),Catalogue!$B$4:$B$454,0)),""))))) | C45: =IF((IFERROR(INDEX(Supports!$E$4:$E$23,MATCH(SPK!$H$16,Supports!$B$4:$B$23,0)),""))="","",IF(IFERROR(INDEX(Supports!$E$4:$E$23,MATCH(SPK!$H$16,Supports!$B$4:$B$23,0)),"")="ETRIER RALLONGE (DN automatique = DN du tube)",IFERROR(INDEX(Catalogue!$B$4:$B$454,SUMPRODUCT(((Catalogue!$C$4:$C$454="ETRIER")*(Catalogue!$E$4:$E$454=(SPK!$H$9+0)))*ROW(Catalogue!$C$4:$C$454))-3),""),IF(IFERROR(INDEX(Supports!$E$4:$E$23,MATCH(SPK!$H$16,Supports!$B$4:$B$23,0)),"")="COLLIER INDUSTRIEL (DN automatique = DN du tube)",IFERROR(INDEX(Catalogue!$B$4:$B$454,SUMPRODUCT(((Catalogue!$C$4:$C$454="COLLIERINDUS")*(Catalogue!$E$4:$E$454=(SPK!$H$9+0)))*ROW(Catalogue!$C$4:$C$454))-3),""),IF(IFERROR(INDEX(Supports!$E$4:$E$23,MATCH(SPK!$H$16,Supports!$B$4:$B$23,0)),"")="COLLIER POIRE (DN automatique = DN du tube)",IFERROR(INDEX(Catalogue!$B$4:$B$454,SUMPRODUCT(((Catalogue!$C$4:$C$454="COLLIERPOIRE")*(Catalogue!$E$4:$E$454=(SPK!$H$9+0)))*ROW(Catalogue!$C$4:$C$454))-3),""),IFERROR(INDEX(Supports!$E$4:$E$23,MATCH(SPK!$H$16,Supports!$B$4:$B$23,0)),""))))) | D45: =IF((IFERROR(INDEX(Supports!$E$4:$E$23,MATCH(SPK!$H$16,Supports!$B$4:$B$23,0)),""))="","",(IFERROR(INDEX(Supports!$F$4:$F$23,MATCH(SPK!$H$16,Supports!$B$4:$B$23,0)),0))*SPK!$H$17) | E45: pce/m | F45: =IF(AND(B45<>"",B45<>"Non trouvé - vérifier",D45<>"",D45<>0),SUMIF($B$2:$B$244,B45,$D$2:$D$244),"") | G45: =IF(AND(B45<>"",B45<>"Non trouvé - vérifier",D45<>"",D45<>0),IF(COUNTIF($B$2:B45,B45)=1,1,0),0) -> 0
A46: Collecteur 3 - Support 2 | B46: =IF((IFERROR(INDEX(Supports!$G$4:$G$23,MATCH(SPK!$H$16,Supports!$B$4:$B$23,0)),""))="","",IF(IFERROR(INDEX(Supports!$G$4:$G$23,MATCH(SPK!$H$16,Supports!$B$4:$B$23,0)),"")="ETRIER RALLONGE (DN automatique = DN du tube)",IFERROR(INDEX(Catalogue!$A$4:$A$454,SUMPRODUCT(((Catalogue!$C$4:$C$454="ETRIER")*(Catalogue!$E$4:$E$454=(SPK!$H$9+0)))*ROW(Catalogue!$C$4:$C$454))-3),"Non trouvé - vérifier"),IF(IFERROR(INDEX(Supports!$G$4:$G$23,MATCH(SPK!$H$16,Supports!$B$4:$B$23,0)),"")="COLLIER INDUSTRIEL (DN automatique = DN du tube)",IFERROR(INDEX(Catalogue!$A$4:$A$454,SUMPRODUCT(((Catalogue!$C$4:$C$454="COLLIERINDUS")*(Catalogue!$E$4:$E$454=(SPK!$H$9+0)))*ROW(Catalogue!$C$4:$C$454))-3),"Non trouvé - vérifier"),IF(IFERROR(INDEX(Supports!$G$4:$G$23,MATCH(SPK!$H$16,Supports!$B$4:$B$23,0)),"")="COLLIER POIRE (DN automatique = DN du tube)",IFERROR(INDEX(Catalogue!$A$4:$A$454,SUMPRODUCT(((Catalogue!$C$4:$C$454="COLLIERPOIRE")*(Catalogue!$E$4:$E$454=(SPK!$H$9+0)))*ROW(Catalogue!$C$4:$C$454))-3),"Non trouvé - vérifier"),IFERROR(INDEX(Catalogue!$A$4:$A$454,MATCH(IFERROR(INDEX(Supports!$G$4:$G$23,MATCH(SPK!$H$16,Supports!$B$4:$B$23,0)),""),Catalogue!$B$4:$B$454,0)),""))))) | C46: =IF((IFERROR(INDEX(Supports!$G$4:$G$23,MATCH(SPK!$H$16,Supports!$B$4:$B$23,0)),""))="","",IF(IFERROR(INDEX(Supports!$G$4:$G$23,MATCH(SPK!$H$16,Supports!$B$4:$B$23,0)),"")="ETRIER RALLONGE (DN automatique = DN du tube)",IFERROR(INDEX(Catalogue!$B$4:$B$454,SUMPRODUCT(((Catalogue!$C$4:$C$454="ETRIER")*(Catalogue!$E$4:$E$454=(SPK!$H$9+0)))*ROW(Catalogue!$C$4:$C$454))-3),""),IF(IFERROR(INDEX(Supports!$G$4:$G$23,MATCH(SPK!$H$16,Supports!$B$4:$B$23,0)),"")="COLLIER INDUSTRIEL (DN automatique = DN du tube)",IFERROR(INDEX(Catalogue!$B$4:$B$454,SUMPRODUCT(((Catalogue!$C$4:$C$454="COLLIERINDUS")*(Catalogue!$E$4:$E$454=(SPK!$H$9+0)))*ROW(Catalogue!$C$4:$C$454))-3),""),IF(IFERROR(INDEX(Supports!$G$4:$G$23,MATCH(SPK!$H$16,Supports!$B$4:$B$23,0)),"")="COLLIER POIRE (DN automatique = DN du tube)",IFERROR(INDEX(Catalogue!$B$4:$B$454,SUMPRODUCT(((Catalogue!$C$4:$C$454="COLLIERPOIRE")*(Catalogue!$E$4:$E$454=(SPK!$H$9+0)))*ROW(Catalogue!$C$4:$C$454))-3),""),IFERROR(INDEX(Supports!$G$4:$G$23,MATCH(SPK!$H$16,Supports!$B$4:$B$23,0)),""))))) | D46: =IF((IFERROR(INDEX(Supports!$G$4:$G$23,MATCH(SPK!$H$16,Supports!$B$4:$B$23,0)),""))="","",(IFERROR(INDEX(Supports!$H$4:$H$23,MATCH(SPK!$H$16,Supports!$B$4:$B$23,0)),0))*SPK!$H$17) | E46: pce/m | F46: =IF(AND(B46<>"",B46<>"Non trouvé - vérifier",D46<>"",D46<>0),SUMIF($B$2:$B$244,B46,$D$2:$D$244),"") | G46: =IF(AND(B46<>"",B46<>"Non trouvé - vérifier",D46<>"",D46<>0),IF(COUNTIF($B$2:B46,B46)=1,1,0),0) -> 0
A47: Collecteur 3 - Support 2 | B47: =IF((IFERROR(INDEX(Supports!$I$4:$I$23,MATCH(SPK!$H$16,Supports!$B$4:$B$23,0)),""))="","",IF(IFERROR(INDEX(Supports!$I$4:$I$23,MATCH(SPK!$H$16,Supports!$B$4:$B$23,0)),"")="ETRIER RALLONGE (DN automatique = DN du tube)",IFERROR(INDEX(Catalogue!$A$4:$A$454,SUMPRODUCT(((Catalogue!$C$4:$C$454="ETRIER")*(Catalogue!$E$4:$E$454=(SPK!$H$9+0)))*ROW(Catalogue!$C$4:$C$454))-3),"Non trouvé - vérifier"),IF(IFERROR(INDEX(Supports!$I$4:$I$23,MATCH(SPK!$H$16,Supports!$B$4:$B$23,0)),"")="COLLIER INDUSTRIEL (DN automatique = DN du tube)",IFERROR(INDEX(Catalogue!$A$4:$A$454,SUMPRODUCT(((Catalogue!$C$4:$C$454="COLLIERINDUS")*(Catalogue!$E$4:$E$454=(SPK!$H$9+0)))*ROW(Catalogue!$C$4:$C$454))-3),"Non trouvé - vérifier"),IF(IFERROR(INDEX(Supports!$I$4:$I$23,MATCH(SPK!$H$16,Supports!$B$4:$B$23,0)),"")="COLLIER POIRE (DN automatique = DN du tube)",IFERROR(INDEX(Catalogue!$A$4:$A$454,SUMPRODUCT(((Catalogue!$C$4:$C$454="COLLIERPOIRE")*(Catalogue!$E$4:$E$454=(SPK!$H$9+0)))*ROW(Catalogue!$C$4:$C$454))-3),"Non trouvé - vérifier"),IFERROR(INDEX(Catalogue!$A$4:$A$454,MATCH(IFERROR(INDEX(Supports!$I$4:$I$23,MATCH(SPK!$H$16,Supports!$B$4:$B$23,0)),""),Catalogue!$B$4:$B$454,0)),""))))) | C47: =IF((IFERROR(INDEX(Supports!$I$4:$I$23,MATCH(SPK!$H$16,Supports!$B$4:$B$23,0)),""))="","",IF(IFERROR(INDEX(Supports!$I$4:$I$23,MATCH(SPK!$H$16,Supports!$B$4:$B$23,0)),"")="ETRIER RALLONGE (DN automatique = DN du tube)",IFERROR(INDEX(Catalogue!$B$4:$B$454,SUMPRODUCT(((Catalogue!$C$4:$C$454="ETRIER")*(Catalogue!$E$4:$E$454=(SPK!$H$9+0)))*ROW(Catalogue!$C$4:$C$454))-3),""),IF(IFERROR(INDEX(Supports!$I$4:$I$23,MATCH(SPK!$H$16,Supports!$B$4:$B$23,0)),"")="COLLIER INDUSTRIEL (DN automatique = DN du tube)",IFERROR(INDEX(Catalogue!$B$4:$B$454,SUMPRODUCT(((Catalogue!$C$4:$C$454="COLLIERINDUS")*(Catalogue!$E$4:$E$454=(SPK!$H$9+0)))*ROW(Catalogue!$C$4:$C$454))-3),""),IF(IFERROR(INDEX(Supports!$I$4:$I$23,MATCH(SPK!$H$16,Supports!$B$4:$B$23,0)),"")="COLLIER POIRE (DN automatique = DN du tube)",IFERROR(INDEX(Catalogue!$B$4:$B$454,SUMPRODUCT(((Catalogue!$C$4:$C$454="COLLIERPOIRE")*(Catalogue!$E$4:$E$454=(SPK!$H$9+0)))*ROW(Catalogue!$C$4:$C$454))-3),""),IFERROR(INDEX(Supports!$I$4:$I$23,MATCH(SPK!$H$16,Supports!$B$4:$B$23,0)),""))))) | D47: =IF((IFERROR(INDEX(Supports!$I$4:$I$23,MATCH(SPK!$H$16,Supports!$B$4:$B$23,0)),""))="","",(IFERROR(INDEX(Supports!$J$4:$J$23,MATCH(SPK!$H$16,Supports!$B$4:$B$23,0)),0))*SPK!$H$17) | E47: pce/m | F47: =IF(AND(B47<>"",B47<>"Non trouvé - vérifier",D47<>"",D47<>0),SUMIF($B$2:$B$244,B47,$D$2:$D$244),"") | G47: =IF(AND(B47<>"",B47<>"Non trouvé - vérifier",D47<>"",D47<>0),IF(COUNTIF($B$2:B47,B47)=1,1,0),0) -> 0
A48: Collecteur 3 - Support 2 | B48: =IF((IFERROR(INDEX(Supports!$K$4:$K$23,MATCH(SPK!$H$16,Supports!$B$4:$B$23,0)),""))="","",IF(IFERROR(INDEX(Supports!$K$4:$K$23,MATCH(SPK!$H$16,Supports!$B$4:$B$23,0)),"")="ETRIER RALLONGE (DN automatique = DN du tube)",IFERROR(INDEX(Catalogue!$A$4:$A$454,SUMPRODUCT(((Catalogue!$C$4:$C$454="ETRIER")*(Catalogue!$E$4:$E$454=(SPK!$H$9+0)))*ROW(Catalogue!$C$4:$C$454))-3),"Non trouvé - vérifier"),IF(IFERROR(INDEX(Supports!$K$4:$K$23,MATCH(SPK!$H$16,Supports!$B$4:$B$23,0)),"")="COLLIER INDUSTRIEL (DN automatique = DN du tube)",IFERROR(INDEX(Catalogue!$A$4:$A$454,SUMPRODUCT(((Catalogue!$C$4:$C$454="COLLIERINDUS")*(Catalogue!$E$4:$E$454=(SPK!$H$9+0)))*ROW(Catalogue!$C$4:$C$454))-3),"Non trouvé - vérifier"),IF(IFERROR(INDEX(Supports!$K$4:$K$23,MATCH(SPK!$H$16,Supports!$B$4:$B$23,0)),"")="COLLIER POIRE (DN automatique = DN du tube)",IFERROR(INDEX(Catalogue!$A$4:$A$454,SUMPRODUCT(((Catalogue!$C$4:$C$454="COLLIERPOIRE")*(Catalogue!$E$4:$E$454=(SPK!$H$9+0)))*ROW(Catalogue!$C$4:$C$454))-3),"Non trouvé - vérifier"),IFERROR(INDEX(Catalogue!$A$4:$A$454,MATCH(IFERROR(INDEX(Supports!$K$4:$K$23,MATCH(SPK!$H$16,Supports!$B$4:$B$23,0)),""),Catalogue!$B$4:$B$454,0)),""))))) | C48: =IF((IFERROR(INDEX(Supports!$K$4:$K$23,MATCH(SPK!$H$16,Supports!$B$4:$B$23,0)),""))="","",IF(IFERROR(INDEX(Supports!$K$4:$K$23,MATCH(SPK!$H$16,Supports!$B$4:$B$23,0)),"")="ETRIER RALLONGE (DN automatique = DN du tube)",IFERROR(INDEX(Catalogue!$B$4:$B$454,SUMPRODUCT(((Catalogue!$C$4:$C$454="ETRIER")*(Catalogue!$E$4:$E$454=(SPK!$H$9+0)))*ROW(Catalogue!$C$4:$C$454))-3),""),IF(IFERROR(INDEX(Supports!$K$4:$K$23,MATCH(SPK!$H$16,Supports!$B$4:$B$23,0)),"")="COLLIER INDUSTRIEL (DN automatique = DN du tube)",IFERROR(INDEX(Catalogue!$B$4:$B$454,SUMPRODUCT(((Catalogue!$C$4:$C$454="COLLIERINDUS")*(Catalogue!$E$4:$E$454=(SPK!$H$9+0)))*ROW(Catalogue!$C$4:$C$454))-3),""),IF(IFERROR(INDEX(Supports!$K$4:$K$23,MATCH(SPK!$H$16,Supports!$B$4:$B$23,0)),"")="COLLIER POIRE (DN automatique = DN du tube)",IFERROR(INDEX(Catalogue!$B$4:$B$454,SUMPRODUCT(((Catalogue!$C$4:$C$454="COLLIERPOIRE")*(Catalogue!$E$4:$E$454=(SPK!$H$9+0)))*ROW(Catalogue!$C$4:$C$454))-3),""),IFERROR(INDEX(Supports!$K$4:$K$23,MATCH(SPK!$H$16,Supports!$B$4:$B$23,0)),""))))) | D48: =IF((IFERROR(INDEX(Supports!$K$4:$K$23,MATCH(SPK!$H$16,Supports!$B$4:$B$23,0)),""))="","",(IFERROR(INDEX(Supports!$L$4:$L$23,MATCH(SPK!$H$16,Supports!$B$4:$B$23,0)),0))*SPK!$H$17) | E48: pce/m | F48: =IF(AND(B48<>"",B48<>"Non trouvé - vérifier",D48<>"",D48<>0),SUMIF($B$2:$B$244,B48,$D$2:$D$244),"") | G48: =IF(AND(B48<>"",B48<>"Non trouvé - vérifier",D48<>"",D48<>0),IF(COUNTIF($B$2:B48,B48)=1,1,0),0) -> 0
A49: Collecteur 3 - Support 2 | B49: =IF((IFERROR(INDEX(Supports!$M$4:$M$23,MATCH(SPK!$H$16,Supports!$B$4:$B$23,0)),""))="","",IF(IFERROR(INDEX(Supports!$M$4:$M$23,MATCH(SPK!$H$16,Supports!$B$4:$B$23,0)),"")="ETRIER RALLONGE (DN automatique = DN du tube)",IFERROR(INDEX(Catalogue!$A$4:$A$454,SUMPRODUCT(((Catalogue!$C$4:$C$454="ETRIER")*(Catalogue!$E$4:$E$454=(SPK!$H$9+0)))*ROW(Catalogue!$C$4:$C$454))-3),"Non trouvé - vérifier"),IF(IFERROR(INDEX(Supports!$M$4:$M$23,MATCH(SPK!$H$16,Supports!$B$4:$B$23,0)),"")="COLLIER INDUSTRIEL (DN automatique = DN du tube)",IFERROR(INDEX(Catalogue!$A$4:$A$454,SUMPRODUCT(((Catalogue!$C$4:$C$454="COLLIERINDUS")*(Catalogue!$E$4:$E$454=(SPK!$H$9+0)))*ROW(Catalogue!$C$4:$C$454))-3),"Non trouvé - vérifier"),IF(IFERROR(INDEX(Supports!$M$4:$M$23,MATCH(SPK!$H$16,Supports!$B$4:$B$23,0)),"")="COLLIER POIRE (DN automatique = DN du tube)",IFERROR(INDEX(Catalogue!$A$4:$A$454,SUMPRODUCT(((Catalogue!$C$4:$C$454="COLLIERPOIRE")*(Catalogue!$E$4:$E$454=(SPK!$H$9+0)))*ROW(Catalogue!$C$4:$C$454))-3),"Non trouvé - vérifier"),IFERROR(INDEX(Catalogue!$A$4:$A$454,MATCH(IFERROR(INDEX(Supports!$M$4:$M$23,MATCH(SPK!$H$16,Supports!$B$4:$B$23,0)),""),Catalogue!$B$4:$B$454,0)),""))))) | C49: =IF((IFERROR(INDEX(Supports!$M$4:$M$23,MATCH(SPK!$H$16,Supports!$B$4:$B$23,0)),""))="","",IF(IFERROR(INDEX(Supports!$M$4:$M$23,MATCH(SPK!$H$16,Supports!$B$4:$B$23,0)),"")="ETRIER RALLONGE (DN automatique = DN du tube)",IFERROR(INDEX(Catalogue!$B$4:$B$454,SUMPRODUCT(((Catalogue!$C$4:$C$454="ETRIER")*(Catalogue!$E$4:$E$454=(SPK!$H$9+0)))*ROW(Catalogue!$C$4:$C$454))-3),""),IF(IFERROR(INDEX(Supports!$M$4:$M$23,MATCH(SPK!$H$16,Supports!$B$4:$B$23,0)),"")="COLLIER INDUSTRIEL (DN automatique = DN du tube)",IFERROR(INDEX(Catalogue!$B$4:$B$454,SUMPRODUCT(((Catalogue!$C$4:$C$454="COLLIERINDUS")*(Catalogue!$E$4:$E$454=(SPK!$H$9+0)))*ROW(Catalogue!$C$4:$C$454))-3),""),IF(IFERROR(INDEX(Supports!$M$4:$M$23,MATCH(SPK!$H$16,Supports!$B$4:$B$23,0)),"")="COLLIER POIRE (DN automatique = DN du tube)",IFERROR(INDEX(Catalogue!$B$4:$B$454,SUMPRODUCT(((Catalogue!$C$4:$C$454="COLLIERPOIRE")*(Catalogue!$E$4:$E$454=(SPK!$H$9+0)))*ROW(Catalogue!$C$4:$C$454))-3),""),IFERROR(INDEX(Supports!$M$4:$M$23,MATCH(SPK!$H$16,Supports!$B$4:$B$23,0)),""))))) | D49: =IF((IFERROR(INDEX(Supports!$M$4:$M$23,MATCH(SPK!$H$16,Supports!$B$4:$B$23,0)),""))="","",(IFERROR(INDEX(Supports!$N$4:$N$23,MATCH(SPK!$H$16,Supports!$B$4:$B$23,0)),0))*SPK!$H$17) | E49: pce/m | F49: =IF(AND(B49<>"",B49<>"Non trouvé - vérifier",D49<>"",D49<>0),SUMIF($B$2:$B$244,B49,$D$2:$D$244),"") | G49: =IF(AND(B49<>"",B49<>"Non trouvé - vérifier",D49<>"",D49<>0),IF(COUNTIF($B$2:B49,B49)=1,1,0),0) -> 0
A50: Antenne 1 | B50: =IFERROR(INDEX(Catalogue!$A$4:$A$454,SUMPRODUCT(((Catalogue!$C$4:$C$454="TUBE")*(Catalogue!$G$4:$G$454<>"SL")*(Catalogue!$D$4:$D$454=IF(SPK!$D$6="X","GALVA",IF(SPK!$F$6="X","NOIR","")))*(Catalogue!$E$4:$E$454=(SPK!$D$22+0)))*ROW(Catalogue!$C$4:$C$454))-3),"Non trouvé - vérifier") -> Non trouvé - vérifier | C50: =IFERROR(INDEX(Catalogue!$B$4:$B$454,SUMPRODUCT(((Catalogue!$C$4:$C$454="TUBE")*(Catalogue!$G$4:$G$454<>"SL")*(Catalogue!$D$4:$D$454=IF(SPK!$D$6="X","GALVA",IF(SPK!$F$6="X","NOIR","")))*(Catalogue!$E$4:$E$454=(SPK!$D$22+0)))*ROW(Catalogue!$C$4:$C$454))-3),"") | D50: =CEILING((((SPK!$D$27*SPK!$D$26))),6) -> 0 | E50: ml | F50: =IF(AND(B50<>"",B50<>"Non trouvé - vérifier",D50<>"",D50<>0),SUMIF($B$2:$B$244,B50,$D$2:$D$244),"") | G50: =IF(AND(B50<>"",B50<>"Non trouvé - vérifier",D50<>"",D50<>0),IF(COUNTIF($B$2:B50,B50)=1,1,0),0) -> 0
A51: Antenne 1 | B51: =IFERROR(INDEX(Catalogue!$A$4:$A$454,SUMPRODUCT(((Catalogue!$C$4:$C$454="CPC")*(Catalogue!$D$4:$D$454=IF(SPK!$D$4="X","ROUGE",IF(SPK!$F$4="X","GALVA",IF(SPK!$H$4="X","GALVA",""))))*(Catalogue!$E$4:$E$454=(SPK!$D$23+0))*(Catalogue!$F$4:$F$454=(SPK!$D$22+0))*(Catalogue!$G$4:$G$454=IF(LEFT(SPK!$D$24,1)="R","RAINURE",IF(LEFT(SPK!$D$24,1)="T","TARAUDE",""))))*ROW(Catalogue!$C$4:$C$454))-3),"Non trouvé - vérifier") -> Non trouvé - vérifier | C51: =IFERROR(INDEX(Catalogue!$B$4:$B$454,SUMPRODUCT(((Catalogue!$C$4:$C$454="CPC")*(Catalogue!$D$4:$D$454=IF(SPK!$D$4="X","ROUGE",IF(SPK!$F$4="X","GALVA",IF(SPK!$H$4="X","GALVA",""))))*(Catalogue!$E$4:$E$454=(SPK!$D$23+0))*(Catalogue!$F$4:$F$454=(SPK!$D$22+0))*(Catalogue!$G$4:$G$454=IF(LEFT(SPK!$D$24,1)="R","RAINURE",IF(LEFT(SPK!$D$24,1)="T","TARAUDE",""))))*ROW(Catalogue!$C$4:$C$454))-3),"") | D51: =SPK!$D$25 -> 0 | E51: pce | F51: =IF(AND(B51<>"",B51<>"Non trouvé - vérifier",D51<>"",D51<>0),SUMIF($B$2:$B$244,B51,$D$2:$D$244),"") | G51: =IF(AND(B51<>"",B51<>"Non trouvé - vérifier",D51<>"",D51<>0),IF(COUNTIF($B$2:B51,B51)=1,1,0),0) -> 0
A52: Antenne 1 | B52: {=IF((SPK!$D$22+0)=25,"COUVI90FFGA025",IFERROR(_xlfn.SINGLE(INDEX(Catalogue!$A$4:$A$454,SUMPRODUCT(((Catalogue!$C$4:$C$454="COUDE90")*(Catalogue!$D$4:$D$454=IF(SPK!$D$4="X","ROUGE",IF(SPK!$F$4="X","BLANC",IF(SPK!$H$4="X","GALVA",""))))*(Catalogue!$E$4:$E$454=(SPK!$D$22+0)))*ROW(Catalogue!$C$4:$C$454))-3)),"Non trouvé - vérifier"))} -> Non trouvé - vérifier | C52: {=IF((SPK!$D$22+0)=25,"COUDE 90°VISSER FF GALVA DN25",IFERROR(_xlfn.SINGLE(INDEX(Catalogue!$B$4:$B$454,SUMPRODUCT(((Catalogue!$C$4:$C$454="COUDE90")*(Catalogue!$D$4:$D$454=IF(SPK!$D$4="X","ROUGE",IF(SPK!$F$4="X","BLANC",IF(SPK!$H$4="X","GALVA",""))))*(Catalogue!$E$4:$E$454=(SPK!$D$22+0)))*ROW(Catalogue!$C$4:$C$454))-3)),""))} | D52: =SPK!$D$28 -> 0 | E52: pce | F52: =IF(AND(B52<>"",B52<>"Non trouvé - vérifier",D52<>"",D52<>0),SUMIF($B$2:$B$244,B52,$D$2:$D$244),"") | G52: =IF(AND(B52<>"",B52<>"Non trouvé - vérifier",D52<>"",D52<>0),IF(COUNTIF($B$2:B52,B52)=1,1,0),0) -> 0
A53: Antenne 1 | B53: =IFERROR(INDEX(Catalogue!$A$4:$A$454,SUMPRODUCT(((Catalogue!$C$4:$C$454="RACCORD")*(Catalogue!$D$4:$D$454=IF(SPK!$D$4="X","ROUGE",IF(SPK!$F$4="X","BLANC",IF(SPK!$H$4="X","GALVA",""))))*(Catalogue!$E$4:$E$454=(SPK!$D$22+0)))*ROW(Catalogue!$C$4:$C$454))-3),"Non trouvé - vérifier") -> Non trouvé - vérifier | C53: =IFERROR(INDEX(Catalogue!$B$4:$B$454,SUMPRODUCT(((Catalogue!$C$4:$C$454="RACCORD")*(Catalogue!$D$4:$D$454=IF(SPK!$D$4="X","ROUGE",IF(SPK!$F$4="X","BLANC",IF(SPK!$H$4="X","GALVA",""))))*(Catalogue!$E$4:$E$454=(SPK!$D$22+0)))*ROW(Catalogue!$C$4:$C$454))-3),"") | D53: =ROUNDUP(((((SPK!$D$27*SPK!$D$26))/6)+(SPK!$D$28*2))*1.1,0) -> 0 | E53: pce | F53: =IF(AND(B53<>"",B53<>"Non trouvé - vérifier",D53<>"",D53<>0),SUMIF($B$2:$B$244,B53,$D$2:$D$244),"") | G53: =IF(AND(B53<>"",B53<>"Non trouvé - vérifier",D53<>"",D53<>0),IF(COUNTIF($B$2:B53,B53)=1,1,0),0) -> 0
A54: Antenne 1 - fin de ligne | B54: =IF((SPK!$D$22+0)=25,"BOUCHVIMGA025",IFERROR(INDEX(Catalogue!$A$4:$A$454,SUMPRODUCT(((Catalogue!$C$4:$C$454="RACCORD")*(Catalogue!$D$4:$D$454=IF(SPK!$D$4="X","ROUGE",IF(SPK!$F$4="X","BLANC",IF(SPK!$H$4="X","GALVA",""))))*(Catalogue!$E$4:$E$454=(SPK!$D$22+0)))*ROW(Catalogue!$C$4:$C$454))-3),"Non trouvé - vérifier")) -> Non trouvé - vérifier | C54: =IF((SPK!$D$22+0)=25,"BOUCHON VISSER M GALVA DN25",IFERROR(INDEX(Catalogue!$B$4:$B$454,SUMPRODUCT(((Catalogue!$C$4:$C$454="RACCORD")*(Catalogue!$D$4:$D$454=IF(SPK!$D$4="X","ROUGE",IF(SPK!$F$4="X","BLANC",IF(SPK!$H$4="X","GALVA",""))))*(Catalogue!$E$4:$E$454=(SPK!$D$22+0)))*ROW(Catalogue!$C$4:$C$454))-3),"")) | D54: =SPK!$D$25 -> 0 | E54: pce | F54: =IF(AND(B54<>"",B54<>"Non trouvé - vérifier",D54<>"",D54<>0),SUMIF($B$2:$B$244,B54,$D$2:$D$244),"") | G54: =IF(AND(B54<>"",B54<>"Non trouvé - vérifier",D54<>"",D54<>0),IF(COUNTIF($B$2:B54,B54)=1,1,0),0) -> 0
A55: Antenne 1 - fin de ligne (fond) | B55: =IF((SPK!$D$22+0)=25,"",IFERROR(INDEX(Catalogue!$A$4:$A$454,SUMPRODUCT(((Catalogue!$C$4:$C$454="FOND")*(Catalogue!$D$4:$D$454=IF(SPK!$D$4="X","ROUGE",IF(SPK!$F$4="X","BLANC",IF(SPK!$H$4="X","GALVA",""))))*(Catalogue!$E$4:$E$454=(SPK!$D$22+0)))*ROW(Catalogue!$C$4:$C$454))-3),"Non trouvé - vérifier")) -> Non trouvé - vérifier | C55: =IF((SPK!$D$22+0)=25,"",IFERROR(INDEX(Catalogue!$B$4:$B$454,SUMPRODUCT(((Catalogue!$C$4:$C$454="FOND")*(Catalogue!$D$4:$D$454=IF(SPK!$D$4="X","ROUGE",IF(SPK!$F$4="X","BLANC",IF(SPK!$H$4="X","GALVA",""))))*(Catalogue!$E$4:$E$454=(SPK!$D$22+0)))*ROW(Catalogue!$C$4:$C$454))-3),"")) | D55: =IF((SPK!$D$22+0)=25,"",SPK!$D$25) -> 0 | E55: pce | F55: =IF(AND(B55<>"",B55<>"Non trouvé - vérifier",D55<>"",D55<>0),SUMIF($B$2:$B$244,B55,$D$2:$D$244),"") | G55: =IF(AND(B55<>"",B55<>"Non trouvé - vérifier",D55<>"",D55<>0),IF(COUNTIF($B$2:B55,B55)=1,1,0),0) -> 0
A56: Toiture 1 | B56: =IF((IF(OR(SPK!$D$29="SSP Toiture",SPK!$D$29="SSU Toiture"),"Toiture",IF(SPK!$D$29="SSP Placo","TB Placo",IF(SPK!$D$29="SSP Faux plafond","TB Faux plaf",IF(SPK!$D$29="SSP Labo","TB Labo","")))))<>"Toiture","",IF((SPK!$D$22+0)=25,IFERROR(INDEX(Catalogue!$A$4:$A$454,SUMPRODUCT(((Catalogue!$C$4:$C$454="TES")*(Catalogue!$D$4:$D$454="GALVA")*(Catalogue!$E$4:$E$454=(25+0))*(Catalogue!$G$4:$G$454="VISSER"))*ROW(Catalogue!$C$4:$C$454))-3),"Non trouvé - vérifier"),IFERROR(INDEX(Catalogue!$A$4:$A$454,SUMPRODUCT(((Catalogue!$C$4:$C$454="CPC")*(Catalogue!$D$4:$D$454=IF(SPK!$D$4="X","ROUGE",IF(SPK!$F$4="X","GALVA",IF(SPK!$H$4="X","GALVA",""))))*(Catalogue!$E$4:$E$454=(SPK!$D$22+0))*(Catalogue!$F$4:$F$454=(SPK!$D$30+0))*(Catalogue!$G$4:$G$454="TARAUDE"))*ROW(Catalogue!$C$4:$C$454))-3),"Non trouvé - vérifier"))) | C56: =IF((IF(OR(SPK!$D$29="SSP Toiture",SPK!$D$29="SSU Toiture"),"Toiture",IF(SPK!$D$29="SSP Placo","TB Placo",IF(SPK!$D$29="SSP Faux plafond","TB Faux plaf",IF(SPK!$D$29="SSP Labo","TB Labo","")))))<>"Toiture","",IF((SPK!$D$22+0)=25,IFERROR(INDEX(Catalogue!$B$4:$B$454,SUMPRODUCT(((Catalogue!$C$4:$C$454="TES")*(Catalogue!$D$4:$D$454="GALVA")*(Catalogue!$E$4:$E$454=(25+0))*(Catalogue!$G$4:$G$454="VISSER"))*ROW(Catalogue!$C$4:$C$454))-3),""),IFERROR(INDEX(Catalogue!$B$4:$B$454,SUMPRODUCT(((Catalogue!$C$4:$C$454="CPC")*(Catalogue!$D$4:$D$454=IF(SPK!$D$4="X","ROUGE",IF(SPK!$F$4="X","GALVA",IF(SPK!$H$4="X","GALVA",""))))*(Catalogue!$E$4:$E$454=(SPK!$D$22+0))*(Catalogue!$F$4:$F$454=(SPK!$D$30+0))*(Catalogue!$G$4:$G$454="TARAUDE"))*ROW(Catalogue!$C$4:$C$454))-3),""))) | D56: =IF((IF(OR(SPK!$D$29="SSP Toiture",SPK!$D$29="SSU Toiture"),"Toiture",IF(SPK!$D$29="SSP Placo","TB Placo",IF(SPK!$D$29="SSP Faux plafond","TB Faux plaf",IF(SPK!$D$29="SSP Labo","TB Labo","")))))<>"Toiture",0,(SPK!$D$26)) -> 0 | E56: pce | F56: =IF(AND(B56<>"",B56<>"Non trouvé - vérifier",D56<>"",D56<>0),SUMIF($B$2:$B$244,B56,$D$2:$D$244),"") | G56: =IF(AND(B56<>"",B56<>"Non trouvé - vérifier",D56<>"",D56<>0),IF(COUNTIF($B$2:B56,B56)=1,1,0),0) -> 0
A57: Toiture 1 | B57: =IF(AND((IF(OR(SPK!$D$29="SSP Toiture",SPK!$D$29="SSU Toiture"),"Toiture",IF(SPK!$D$29="SSP Placo","TB Placo",IF(SPK!$D$29="SSP Faux plafond","TB Faux plaf",IF(SPK!$D$29="SSP Labo","TB Labo","")))))="Toiture",(SPK!$D$22+0)=25),IFERROR(INDEX(Catalogue!$A$4:$A$454,SUMPRODUCT(((Catalogue!$C$4:$C$454="REDUC")*(Catalogue!$D$4:$D$454="GALVA")*(Catalogue!$E$4:$E$454=(25+0))*(Catalogue!$F$4:$F$454=(SPK!$D$30+0))*(Catalogue!$G$4:$G$454="MF"))*ROW(Catalogue!$C$4:$C$454))-3),"Non trouvé - vérifier"),"") | C57: =IF(AND((IF(OR(SPK!$D$29="SSP Toiture",SPK!$D$29="SSU Toiture"),"Toiture",IF(SPK!$D$29="SSP Placo","TB Placo",IF(SPK!$D$29="SSP Faux plafond","TB Faux plaf",IF(SPK!$D$29="SSP Labo","TB Labo","")))))="Toiture",(SPK!$D$22+0)=25),IFERROR(INDEX(Catalogue!$B$4:$B$454,SUMPRODUCT(((Catalogue!$C$4:$C$454="REDUC")*(Catalogue!$D$4:$D$454="GALVA")*(Catalogue!$E$4:$E$454=(25+0))*(Catalogue!$F$4:$F$454=(SPK!$D$30+0))*(Catalogue!$G$4:$G$454="MF"))*ROW(Catalogue!$C$4:$C$454))-3),""),"") | D57: =IF(AND((IF(OR(SPK!$D$29="SSP Toiture",SPK!$D$29="SSU Toiture"),"Toiture",IF(SPK!$D$29="SSP Placo","TB Placo",IF(SPK!$D$29="SSP Faux plafond","TB Faux plaf",IF(SPK!$D$29="SSP Labo","TB Labo","")))))="Toiture",(SPK!$D$22+0)=25),(SPK!$D$26),0) -> 0 | E57: pce | F57: =IF(AND(B57<>"",B57<>"Non trouvé - vérifier",D57<>"",D57<>0),SUMIF($B$2:$B$244,B57,$D$2:$D$244),"") | G57: =IF(AND(B57<>"",B57<>"Non trouvé - vérifier",D57<>"",D57<>0),IF(COUNTIF($B$2:B57,B57)=1,1,0),0) -> 0
A58: TB Placo 1 | B58: =IF((IF(OR(SPK!$D$29="SSP Toiture",SPK!$D$29="SSU Toiture"),"Toiture",IF(SPK!$D$29="SSP Placo","TB Placo",IF(SPK!$D$29="SSP Faux plafond","TB Faux plaf",IF(SPK!$D$29="SSP Labo","TB Labo","")))))<>"TB Placo","",IF((SPK!$D$22+0)=25,IFERROR(INDEX(Catalogue!$A$4:$A$454,SUMPRODUCT(((Catalogue!$C$4:$C$454="TES")*(Catalogue!$D$4:$D$454="GALVA")*(Catalogue!$E$4:$E$454=(25+0))*(Catalogue!$G$4:$G$454="VISSER"))*ROW(Catalogue!$C$4:$C$454))-3),"Non trouvé - vérifier"),IFERROR(INDEX(Catalogue!$A$4:$A$454,SUMPRODUCT(((Catalogue!$C$4:$C$454="CPC")*(Catalogue!$D$4:$D$454=IF(SPK!$D$4="X","ROUGE",IF(SPK!$F$4="X","GALVA",IF(SPK!$H$4="X","GALVA",""))))*(Catalogue!$E$4:$E$454=(SPK!$D$22+0))*(Catalogue!$F$4:$F$454=(25+0))*(Catalogue!$G$4:$G$454="TARAUDE"))*ROW(Catalogue!$C$4:$C$454))-3),"Non trouvé - vérifier"))) | C58: =IF((IF(OR(SPK!$D$29="SSP Toiture",SPK!$D$29="SSU Toiture"),"Toiture",IF(SPK!$D$29="SSP Placo","TB Placo",IF(SPK!$D$29="SSP Faux plafond","TB Faux plaf",IF(SPK!$D$29="SSP Labo","TB Labo","")))))<>"TB Placo","",IF((SPK!$D$22+0)=25,IFERROR(INDEX(Catalogue!$B$4:$B$454,SUMPRODUCT(((Catalogue!$C$4:$C$454="TES")*(Catalogue!$D$4:$D$454="GALVA")*(Catalogue!$E$4:$E$454=(25+0))*(Catalogue!$G$4:$G$454="VISSER"))*ROW(Catalogue!$C$4:$C$454))-3),""),IFERROR(INDEX(Catalogue!$B$4:$B$454,SUMPRODUCT(((Catalogue!$C$4:$C$454="CPC")*(Catalogue!$D$4:$D$454=IF(SPK!$D$4="X","ROUGE",IF(SPK!$F$4="X","GALVA",IF(SPK!$H$4="X","GALVA",""))))*(Catalogue!$E$4:$E$454=(SPK!$D$22+0))*(Catalogue!$F$4:$F$454=(25+0))*(Catalogue!$G$4:$G$454="TARAUDE"))*ROW(Catalogue!$C$4:$C$454))-3),""))) | D58: =IF((IF(OR(SPK!$D$29="SSP Toiture",SPK!$D$29="SSU Toiture"),"Toiture",IF(SPK!$D$29="SSP Placo","TB Placo",IF(SPK!$D$29="SSP Faux plafond","TB Faux plaf",IF(SPK!$D$29="SSP Labo","TB Labo","")))))<>"TB Placo",0,(SPK!$D$26)) -> 0 | E58: pce | F58: =IF(AND(B58<>"",B58<>"Non trouvé - vérifier",D58<>"",D58<>0),SUMIF($B$2:$B$244,B58,$D$2:$D$244),"") | G58: =IF(AND(B58<>"",B58<>"Non trouvé - vérifier",D58<>"",D58<>0),IF(COUNTIF($B$2:B58,B58)=1,1,0),0) -> 0
A59: TB Placo 1 | B59: =IF((IF(OR(SPK!$D$29="SSP Toiture",SPK!$D$29="SSU Toiture"),"Toiture",IF(SPK!$D$29="SSP Placo","TB Placo",IF(SPK!$D$29="SSP Faux plafond","TB Faux plaf",IF(SPK!$D$29="SSP Labo","TB Labo","")))))<>"TB Placo","",IFERROR(INDEX(Catalogue!$A$4:$A$454,SUMPRODUCT(((Catalogue!$C$4:$C$454="TUBE")*(Catalogue!$G$4:$G$454<>"SL")*(Catalogue!$D$4:$D$454=IF(SPK!$D$6="X","GALVA",IF(SPK!$F$6="X","NOIR","")))*(Catalogue!$E$4:$E$454=(25+0)))*ROW(Catalogue!$C$4:$C$454))-3),"Non trouvé - vérifier")) | C59: =IF((IF(OR(SPK!$D$29="SSP Toiture",SPK!$D$29="SSU Toiture"),"Toiture",IF(SPK!$D$29="SSP Placo","TB Placo",IF(SPK!$D$29="SSP Faux plafond","TB Faux plaf",IF(SPK!$D$29="SSP Labo","TB Labo","")))))<>"TB Placo","",IFERROR(INDEX(Catalogue!$B$4:$B$454,SUMPRODUCT(((Catalogue!$C$4:$C$454="TUBE")*(Catalogue!$G$4:$G$454<>"SL")*(Catalogue!$D$4:$D$454=IF(SPK!$D$6="X","GALVA",IF(SPK!$F$6="X","NOIR","")))*(Catalogue!$E$4:$E$454=(25+0)))*ROW(Catalogue!$C$4:$C$454))-3),"")) | D59: =CEILING((IF((IF(OR(SPK!$D$29="SSP Toiture",SPK!$D$29="SSU Toiture"),"Toiture",IF(SPK!$D$29="SSP Placo","TB Placo",IF(SPK!$D$29="SSP Faux plafond","TB Faux plaf",IF(SPK!$D$29="SSP Labo","TB Labo","")))))<>"TB Placo",0,1.5*(SPK!$D$26))),6) -> 0 | E59: ml | F59: =IF(AND(B59<>"",B59<>"Non trouvé - vérifier",D59<>"",D59<>0),SUMIF($B$2:$B$244,B59,$D$2:$D$244),"") | G59: =IF(AND(B59<>"",B59<>"Non trouvé - vérifier",D59<>"",D59<>0),IF(COUNTIF($B$2:B59,B59)=1,1,0),0) -> 0
A60: TB Placo 1 | B60: =IF((IF(OR(SPK!$D$29="SSP Toiture",SPK!$D$29="SSU Toiture"),"Toiture",IF(SPK!$D$29="SSP Placo","TB Placo",IF(SPK!$D$29="SSP Faux plafond","TB Faux plaf",IF(SPK!$D$29="SSP Labo","TB Labo","")))))<>"TB Placo","","COUVI90MFGA025") | C60: =IF((IF(OR(SPK!$D$29="SSP Toiture",SPK!$D$29="SSU Toiture"),"Toiture",IF(SPK!$D$29="SSP Placo","TB Placo",IF(SPK!$D$29="SSP Faux plafond","TB Faux plaf",IF(SPK!$D$29="SSP Labo","TB Labo","")))))<>"TB Placo","","COUDE 90°VISSER MF GALVA DN25") | D60: =IF((IF(OR(SPK!$D$29="SSP Toiture",SPK!$D$29="SSU Toiture"),"Toiture",IF(SPK!$D$29="SSP Placo","TB Placo",IF(SPK!$D$29="SSP Faux plafond","TB Faux plaf",IF(SPK!$D$29="SSP Labo","TB Labo","")))))<>"TB Placo",0,(SPK!$D$26)) -> 0 | E60: pce | F60: =IF(AND(B60<>"",B60<>"Non trouvé - vérifier",D60<>"",D60<>0),SUMIF($B$2:$B$244,B60,$D$2:$D$244),"") | G60: =IF(AND(B60<>"",B60<>"Non trouvé - vérifier",D60<>"",D60<>0),IF(COUNTIF($B$2:B60,B60)=1,1,0),0) -> 0
A61: TB Placo 1 | B61: =IF((IF(OR(SPK!$D$29="SSP Toiture",SPK!$D$29="SSU Toiture"),"Toiture",IF(SPK!$D$29="SSP Placo","TB Placo",IF(SPK!$D$29="SSP Faux plafond","TB Faux plaf",IF(SPK!$D$29="SSP Labo","TB Labo","")))))<>"TB Placo","","COUVI90FFGA025") | C61: =IF((IF(OR(SPK!$D$29="SSP Toiture",SPK!$D$29="SSU Toiture"),"Toiture",IF(SPK!$D$29="SSP Placo","TB Placo",IF(SPK!$D$29="SSP Faux plafond","TB Faux plaf",IF(SPK!$D$29="SSP Labo","TB Labo","")))))<>"TB Placo","","COUDE 90°VISSER FF GALVA DN25") | D61: =IF((IF(OR(SPK!$D$29="SSP Toiture",SPK!$D$29="SSU Toiture"),"Toiture",IF(SPK!$D$29="SSP Placo","TB Placo",IF(SPK!$D$29="SSP Faux plafond","TB Faux plaf",IF(SPK!$D$29="SSP Labo","TB Labo","")))))<>"TB Placo",0,(SPK!$D$26)) -> 0 | E61: pce | F61: =IF(AND(B61<>"",B61<>"Non trouvé - vérifier",D61<>"",D61<>0),SUMIF($B$2:$B$244,B61,$D$2:$D$244),"") | G61: =IF(AND(B61<>"",B61<>"Non trouvé - vérifier",D61<>"",D61<>0),IF(COUNTIF($B$2:B61,B61)=1,1,0),0) -> 0
A62: TB Placo 1 | B62: =IF((IF(OR(SPK!$D$29="SSP Toiture",SPK!$D$29="SSU Toiture"),"Toiture",IF(SPK!$D$29="SSP Placo","TB Placo",IF(SPK!$D$29="SSP Faux plafond","TB Faux plaf",IF(SPK!$D$29="SSP Labo","TB Labo","")))))<>"TB Placo","",IF((SPK!$D$30+0)=20,"CHANDELLEDN20","CHANDELLEGRANDEFF")) | C62: =IF((IF(OR(SPK!$D$29="SSP Toiture",SPK!$D$29="SSU Toiture"),"Toiture",IF(SPK!$D$29="SSP Placo","TB Placo",IF(SPK!$D$29="SSP Faux plafond","TB Faux plaf",IF(SPK!$D$29="SSP Labo","TB Labo","")))))<>"TB Placo","",IF((SPK!$D$30+0)=20,"CHANDELLE REGLABLE MF GRANDE DN25X20","CHANDELLE REGLABLE FF GRANDE DN25X15")) | D62: =IF((IF(OR(SPK!$D$29="SSP Toiture",SPK!$D$29="SSU Toiture"),"Toiture",IF(SPK!$D$29="SSP Placo","TB Placo",IF(SPK!$D$29="SSP Faux plafond","TB Faux plaf",IF(SPK!$D$29="SSP Labo","TB Labo","")))))<>"TB Placo",0,(SPK!$D$26)) -> 0 | E62: pce | F62: =IF(AND(B62<>"",B62<>"Non trouvé - vérifier",D62<>"",D62<>0),SUMIF($B$2:$B$244,B62,$D$2:$D$244),"") | G62: =IF(AND(B62<>"",B62<>"Non trouvé - vérifier",D62<>"",D62<>0),IF(COUNTIF($B$2:B62,B62)=1,1,0),0) -> 0
A63: TB Placo 1 | B63: =IF(OR((IF(OR(SPK!$D$29="SSP Toiture",SPK!$D$29="SSU Toiture"),"Toiture",IF(SPK!$D$29="SSP Placo","TB Placo",IF(SPK!$D$29="SSP Faux plafond","TB Faux plaf",IF(SPK!$D$29="SSP Labo","TB Labo","")))))<>"TB Placo",SPK!$D$31="Bronze"),"",IFERROR(INDEX(Catalogue!$A$4:$A$454,SUMPRODUCT(((Catalogue!$C$4:$C$454="ROSACE2P")*(Catalogue!$D$4:$D$454=IF(SPK!$D$31="Bronze","BRONZE",IF(SPK!$D$31="Chrome","CHROME",IF(SPK!$D$31="Blanche","BLANCHE",IF(SPK!$D$31="Noire","NOIRE","")))))*(Catalogue!$E$4:$E$454=(SPK!$D$30+0)))*ROW(Catalogue!$C$4:$C$454))-3),"Non trouvé - vérifier")) | C63: =IF(OR((IF(OR(SPK!$D$29="SSP Toiture",SPK!$D$29="SSU Toiture"),"Toiture",IF(SPK!$D$29="SSP Placo","TB Placo",IF(SPK!$D$29="SSP Faux plafond","TB Faux plaf",IF(SPK!$D$29="SSP Labo","TB Labo","")))))<>"TB Placo",SPK!$D$31="Bronze"),"",IFERROR(INDEX(Catalogue!$B$4:$B$454,SUMPRODUCT(((Catalogue!$C$4:$C$454="ROSACE2P")*(Catalogue!$D$4:$D$454=IF(SPK!$D$31="Bronze","BRONZE",IF(SPK!$D$31="Chrome","CHROME",IF(SPK!$D$31="Blanche","BLANCHE",IF(SPK!$D$31="Noire","NOIRE","")))))*(Catalogue!$E$4:$E$454=(SPK!$D$30+0)))*ROW(Catalogue!$C$4:$C$454))-3),"")) | D63: =IF(OR((IF(OR(SPK!$D$29="SSP Toiture",SPK!$D$29="SSU Toiture"),"Toiture",IF(SPK!$D$29="SSP Placo","TB Placo",IF(SPK!$D$29="SSP Faux plafond","TB Faux plaf",IF(SPK!$D$29="SSP Labo","TB Labo","")))))<>"TB Placo",SPK!$D$31="Bronze"),0,(SPK!$D$26)) -> 0 | E63: pce | F63: =IF(AND(B63<>"",B63<>"Non trouvé - vérifier",D63<>"",D63<>0),SUMIF($B$2:$B$244,B63,$D$2:$D$244),"") | G63: =IF(AND(B63<>"",B63<>"Non trouvé - vérifier",D63<>"",D63<>0),IF(COUNTIF($B$2:B63,B63)=1,1,0),0) -> 0
A64: TB Faux plaf 1 | B64: =IF((IF(OR(SPK!$D$29="SSP Toiture",SPK!$D$29="SSU Toiture"),"Toiture",IF(SPK!$D$29="SSP Placo","TB Placo",IF(SPK!$D$29="SSP Faux plafond","TB Faux plaf",IF(SPK!$D$29="SSP Labo","TB Labo","")))))<>"TB Faux plaf","",IF((SPK!$D$22+0)=25,IFERROR(INDEX(Catalogue!$A$4:$A$454,SUMPRODUCT(((Catalogue!$C$4:$C$454="TES")*(Catalogue!$D$4:$D$454="GALVA")*(Catalogue!$E$4:$E$454=(25+0))*(Catalogue!$G$4:$G$454="VISSER"))*ROW(Catalogue!$C$4:$C$454))-3),"Non trouvé - vérifier"),IFERROR(INDEX(Catalogue!$A$4:$A$454,SUMPRODUCT(((Catalogue!$C$4:$C$454="CPC")*(Catalogue!$D$4:$D$454=IF(SPK!$D$4="X","ROUGE",IF(SPK!$F$4="X","GALVA",IF(SPK!$H$4="X","GALVA",""))))*(Catalogue!$E$4:$E$454=(SPK!$D$22+0))*(Catalogue!$F$4:$F$454=(25+0))*(Catalogue!$G$4:$G$454="TARAUDE"))*ROW(Catalogue!$C$4:$C$454))-3),"Non trouvé - vérifier"))) | C64: =IF((IF(OR(SPK!$D$29="SSP Toiture",SPK!$D$29="SSU Toiture"),"Toiture",IF(SPK!$D$29="SSP Placo","TB Placo",IF(SPK!$D$29="SSP Faux plafond","TB Faux plaf",IF(SPK!$D$29="SSP Labo","TB Labo","")))))<>"TB Faux plaf","",IF((SPK!$D$22+0)=25,IFERROR(INDEX(Catalogue!$B$4:$B$454,SUMPRODUCT(((Catalogue!$C$4:$C$454="TES")*(Catalogue!$D$4:$D$454="GALVA")*(Catalogue!$E$4:$E$454=(25+0))*(Catalogue!$G$4:$G$454="VISSER"))*ROW(Catalogue!$C$4:$C$454))-3),""),IFERROR(INDEX(Catalogue!$B$4:$B$454,SUMPRODUCT(((Catalogue!$C$4:$C$454="CPC")*(Catalogue!$D$4:$D$454=IF(SPK!$D$4="X","ROUGE",IF(SPK!$F$4="X","GALVA",IF(SPK!$H$4="X","GALVA",""))))*(Catalogue!$E$4:$E$454=(SPK!$D$22+0))*(Catalogue!$F$4:$F$454=(25+0))*(Catalogue!$G$4:$G$454="TARAUDE"))*ROW(Catalogue!$C$4:$C$454))-3),""))) | D64: =IF((IF(OR(SPK!$D$29="SSP Toiture",SPK!$D$29="SSU Toiture"),"Toiture",IF(SPK!$D$29="SSP Placo","TB Placo",IF(SPK!$D$29="SSP Faux plafond","TB Faux plaf",IF(SPK!$D$29="SSP Labo","TB Labo","")))))<>"TB Faux plaf",0,(SPK!$D$26)) -> 0 | E64: pce | F64: =IF(AND(B64<>"",B64<>"Non trouvé - vérifier",D64<>"",D64<>0),SUMIF($B$2:$B$244,B64,$D$2:$D$244),"") | G64: =IF(AND(B64<>"",B64<>"Non trouvé - vérifier",D64<>"",D64<>0),IF(COUNTIF($B$2:B64,B64)=1,1,0),0) -> 0
A65: TB Faux plaf 1 | B65: =IF((IF(OR(SPK!$D$29="SSP Toiture",SPK!$D$29="SSU Toiture"),"Toiture",IF(SPK!$D$29="SSP Placo","TB Placo",IF(SPK!$D$29="SSP Faux plafond","TB Faux plaf",IF(SPK!$D$29="SSP Labo","TB Labo","")))))<>"TB Faux plaf","","COUVI90MFGA025") | C65: =IF((IF(OR(SPK!$D$29="SSP Toiture",SPK!$D$29="SSU Toiture"),"Toiture",IF(SPK!$D$29="SSP Placo","TB Placo",IF(SPK!$D$29="SSP Faux plafond","TB Faux plaf",IF(SPK!$D$29="SSP Labo","TB Labo","")))))<>"TB Faux plaf","","COUDE 90°VISSER MF GALVA DN25") | D65: =IF((IF(OR(SPK!$D$29="SSP Toiture",SPK!$D$29="SSU Toiture"),"Toiture",IF(SPK!$D$29="SSP Placo","TB Placo",IF(SPK!$D$29="SSP Faux plafond","TB Faux plaf",IF(SPK!$D$29="SSP Labo","TB Labo","")))))<>"TB Faux plaf",0,(SPK!$D$26)) -> 0 | E65: pce | F65: =IF(AND(B65<>"",B65<>"Non trouvé - vérifier",D65<>"",D65<>0),SUMIF($B$2:$B$244,B65,$D$2:$D$244),"") | G65: =IF(AND(B65<>"",B65<>"Non trouvé - vérifier",D65<>"",D65<>0),IF(COUNTIF($B$2:B65,B65)=1,1,0),0) -> 0
A66: TB Faux plaf 1 | B66: =IF((IF(OR(SPK!$D$29="SSP Toiture",SPK!$D$29="SSU Toiture"),"Toiture",IF(SPK!$D$29="SSP Placo","TB Placo",IF(SPK!$D$29="SSP Faux plafond","TB Faux plaf",IF(SPK!$D$29="SSP Labo","TB Labo","")))))<>"TB Faux plaf","",IF((SPK!$D$30+0)=15,"FLEXI820MF15251521","FLEXIMF12202027APS")) | C66: =IF((IF(OR(SPK!$D$29="SSP Toiture",SPK!$D$29="SSU Toiture"),"Toiture",IF(SPK!$D$29="SSP Placo","TB Placo",IF(SPK!$D$29="SSP Faux plafond","TB Faux plaf",IF(SPK!$D$29="SSP Labo","TB Labo","")))))<>"TB Faux plaf","",IF((SPK!$D$30+0)=15," FLEXIBLE MF LG 1540 25/15 APSAD"," FLEXIBLE MF LG 1220 25/20 APSAD")) | D66: =IF((IF(OR(SPK!$D$29="SSP Toiture",SPK!$D$29="SSU Toiture"),"Toiture",IF(SPK!$D$29="SSP Placo","TB Placo",IF(SPK!$D$29="SSP Faux plafond","TB Faux plaf",IF(SPK!$D$29="SSP Labo","TB Labo","")))))<>"TB Faux plaf",0,(SPK!$D$26)) -> 0 | E66: pce | F66: =IF(AND(B66<>"",B66<>"Non trouvé - vérifier",D66<>"",D66<>0),SUMIF($B$2:$B$244,B66,$D$2:$D$244),"") | G66: =IF(AND(B66<>"",B66<>"Non trouvé - vérifier",D66<>"",D66<>0),IF(COUNTIF($B$2:B66,B66)=1,1,0),0) -> 0
A67: TB Faux plaf 1 | B67: =IF(OR((IF(OR(SPK!$D$29="SSP Toiture",SPK!$D$29="SSU Toiture"),"Toiture",IF(SPK!$D$29="SSP Placo","TB Placo",IF(SPK!$D$29="SSP Faux plafond","TB Faux plaf",IF(SPK!$D$29="SSP Labo","TB Labo","")))))<>"TB Faux plaf",SPK!$D$31="Bronze"),"",IFERROR(INDEX(Catalogue!$A$4:$A$454,SUMPRODUCT(((Catalogue!$C$4:$C$454="ROSACE2P")*(Catalogue!$D$4:$D$454=IF(SPK!$D$31="Bronze","BRONZE",IF(SPK!$D$31="Chrome","CHROME",IF(SPK!$D$31="Blanche","BLANCHE",IF(SPK!$D$31="Noire","NOIRE","")))))*(Catalogue!$E$4:$E$454=(SPK!$D$30+0)))*ROW(Catalogue!$C$4:$C$454))-3),"Non trouvé - vérifier")) | C67: =IF(OR((IF(OR(SPK!$D$29="SSP Toiture",SPK!$D$29="SSU Toiture"),"Toiture",IF(SPK!$D$29="SSP Placo","TB Placo",IF(SPK!$D$29="SSP Faux plafond","TB Faux plaf",IF(SPK!$D$29="SSP Labo","TB Labo","")))))<>"TB Faux plaf",SPK!$D$31="Bronze"),"",IFERROR(INDEX(Catalogue!$B$4:$B$454,SUMPRODUCT(((Catalogue!$C$4:$C$454="ROSACE2P")*(Catalogue!$D$4:$D$454=IF(SPK!$D$31="Bronze","BRONZE",IF(SPK!$D$31="Chrome","CHROME",IF(SPK!$D$31="Blanche","BLANCHE",IF(SPK!$D$31="Noire","NOIRE","")))))*(Catalogue!$E$4:$E$454=(SPK!$D$30+0)))*ROW(Catalogue!$C$4:$C$454))-3),"")) | D67: =IF(OR((IF(OR(SPK!$D$29="SSP Toiture",SPK!$D$29="SSU Toiture"),"Toiture",IF(SPK!$D$29="SSP Placo","TB Placo",IF(SPK!$D$29="SSP Faux plafond","TB Faux plaf",IF(SPK!$D$29="SSP Labo","TB Labo","")))))<>"TB Faux plaf",SPK!$D$31="Bronze"),0,(SPK!$D$26)) -> 0 | E67: pce | F67: =IF(AND(B67<>"",B67<>"Non trouvé - vérifier",D67<>"",D67<>0),SUMIF($B$2:$B$244,B67,$D$2:$D$244),"") | G67: =IF(AND(B67<>"",B67<>"Non trouvé - vérifier",D67<>"",D67<>0),IF(COUNTIF($B$2:B67,B67)=1,1,0),0) -> 0
A68: TB Labo 1 | B68: =IF((IF(OR(SPK!$D$29="SSP Toiture",SPK!$D$29="SSU Toiture"),"Toiture",IF(SPK!$D$29="SSP Placo","TB Placo",IF(SPK!$D$29="SSP Faux plafond","TB Faux plaf",IF(SPK!$D$29="SSP Labo","TB Labo","")))))<>"TB Labo","",IF((SPK!$D$22+0)=25,IFERROR(INDEX(Catalogue!$A$4:$A$454,SUMPRODUCT(((Catalogue!$C$4:$C$454="TES")*(Catalogue!$D$4:$D$454="GALVA")*(Catalogue!$E$4:$E$454=(25+0))*(Catalogue!$G$4:$G$454="VISSER"))*ROW(Catalogue!$C$4:$C$454))-3),"Non trouvé - vérifier"),IFERROR(INDEX(Catalogue!$A$4:$A$454,SUMPRODUCT(((Catalogue!$C$4:$C$454="CPC")*(Catalogue!$D$4:$D$454=IF(SPK!$D$4="X","ROUGE",IF(SPK!$F$4="X","GALVA",IF(SPK!$H$4="X","GALVA",""))))*(Catalogue!$E$4:$E$454=(SPK!$D$22+0))*(Catalogue!$F$4:$F$454=(25+0))*(Catalogue!$G$4:$G$454="TARAUDE"))*ROW(Catalogue!$C$4:$C$454))-3),"Non trouvé - vérifier"))) | C68: =IF((IF(OR(SPK!$D$29="SSP Toiture",SPK!$D$29="SSU Toiture"),"Toiture",IF(SPK!$D$29="SSP Placo","TB Placo",IF(SPK!$D$29="SSP Faux plafond","TB Faux plaf",IF(SPK!$D$29="SSP Labo","TB Labo","")))))<>"TB Labo","",IF((SPK!$D$22+0)=25,IFERROR(INDEX(Catalogue!$B$4:$B$454,SUMPRODUCT(((Catalogue!$C$4:$C$454="TES")*(Catalogue!$D$4:$D$454="GALVA")*(Catalogue!$E$4:$E$454=(25+0))*(Catalogue!$G$4:$G$454="VISSER"))*ROW(Catalogue!$C$4:$C$454))-3),""),IFERROR(INDEX(Catalogue!$B$4:$B$454,SUMPRODUCT(((Catalogue!$C$4:$C$454="CPC")*(Catalogue!$D$4:$D$454=IF(SPK!$D$4="X","ROUGE",IF(SPK!$F$4="X","GALVA",IF(SPK!$H$4="X","GALVA",""))))*(Catalogue!$E$4:$E$454=(SPK!$D$22+0))*(Catalogue!$F$4:$F$454=(25+0))*(Catalogue!$G$4:$G$454="TARAUDE"))*ROW(Catalogue!$C$4:$C$454))-3),""))) | D68: =IF((IF(OR(SPK!$D$29="SSP Toiture",SPK!$D$29="SSU Toiture"),"Toiture",IF(SPK!$D$29="SSP Placo","TB Placo",IF(SPK!$D$29="SSP Faux plafond","TB Faux plaf",IF(SPK!$D$29="SSP Labo","TB Labo","")))))<>"TB Labo",0,(SPK!$D$26)) -> 0 | E68: pce | F68: =IF(AND(B68<>"",B68<>"Non trouvé - vérifier",D68<>"",D68<>0),SUMIF($B$2:$B$244,B68,$D$2:$D$244),"") | G68: =IF(AND(B68<>"",B68<>"Non trouvé - vérifier",D68<>"",D68<>0),IF(COUNTIF($B$2:B68,B68)=1,1,0),0) -> 0
A69: TB Labo 1 | B69: =IF((IF(OR(SPK!$D$29="SSP Toiture",SPK!$D$29="SSU Toiture"),"Toiture",IF(SPK!$D$29="SSP Placo","TB Placo",IF(SPK!$D$29="SSP Faux plafond","TB Faux plaf",IF(SPK!$D$29="SSP Labo","TB Labo","")))))<>"TB Labo","","COUVI90MFGA025") | C69: =IF((IF(OR(SPK!$D$29="SSP Toiture",SPK!$D$29="SSU Toiture"),"Toiture",IF(SPK!$D$29="SSP Placo","TB Placo",IF(SPK!$D$29="SSP Faux plafond","TB Faux plaf",IF(SPK!$D$29="SSP Labo","TB Labo","")))))<>"TB Labo","","COUDE 90°VISSER MF GALVA DN25") | D69: =IF((IF(OR(SPK!$D$29="SSP Toiture",SPK!$D$29="SSU Toiture"),"Toiture",IF(SPK!$D$29="SSP Placo","TB Placo",IF(SPK!$D$29="SSP Faux plafond","TB Faux plaf",IF(SPK!$D$29="SSP Labo","TB Labo","")))))<>"TB Labo",0,(SPK!$D$26)) -> 0 | E69: pce | F69: =IF(AND(B69<>"",B69<>"Non trouvé - vérifier",D69<>"",D69<>0),SUMIF($B$2:$B$244,B69,$D$2:$D$244),"") | G69: =IF(AND(B69<>"",B69<>"Non trouvé - vérifier",D69<>"",D69<>0),IF(COUNTIF($B$2:B69,B69)=1,1,0),0) -> 0
A70: TB Labo 1 | B70: =IF((IF(OR(SPK!$D$29="SSP Toiture",SPK!$D$29="SSU Toiture"),"Toiture",IF(SPK!$D$29="SSP Placo","TB Placo",IF(SPK!$D$29="SSP Faux plafond","TB Faux plaf",IF(SPK!$D$29="SSP Labo","TB Labo","")))))<>"TB Labo","",IF((SPK!$D$30+0)=15,"FLEXKITLABO1220","Non disponible en DN20 - vérifier")) | C70: =IF((IF(OR(SPK!$D$29="SSP Toiture",SPK!$D$29="SSU Toiture"),"Toiture",IF(SPK!$D$29="SSP Placo","TB Placo",IF(SPK!$D$29="SSP Faux plafond","TB Faux plaf",IF(SPK!$D$29="SSP Labo","TB Labo","")))))<>"TB Labo","",IF((SPK!$D$30+0)=15,"KIT FLEXIBLE LABO LG 1220 DN15 APSAD","")) | D70: =IF((IF(OR(SPK!$D$29="SSP Toiture",SPK!$D$29="SSU Toiture"),"Toiture",IF(SPK!$D$29="SSP Placo","TB Placo",IF(SPK!$D$29="SSP Faux plafond","TB Faux plaf",IF(SPK!$D$29="SSP Labo","TB Labo","")))))<>"TB Labo",0,(SPK!$D$26)) -> 0 | E70: pce | F70: =IF(AND(B70<>"",B70<>"Non trouvé - vérifier",D70<>"",D70<>0),SUMIF($B$2:$B$244,B70,$D$2:$D$244),"") | G70: =IF(AND(B70<>"",B70<>"Non trouvé - vérifier",D70<>"",D70<>0),IF(COUNTIF($B$2:B70,B70)=1,1,0),0) -> 0
A71: TB Labo 1 | B71: =IF(OR((IF(OR(SPK!$D$29="SSP Toiture",SPK!$D$29="SSU Toiture"),"Toiture",IF(SPK!$D$29="SSP Placo","TB Placo",IF(SPK!$D$29="SSP Faux plafond","TB Faux plaf",IF(SPK!$D$29="SSP Labo","TB Labo","")))))<>"TB Labo",SPK!$D$31="Bronze"),"",IFERROR(INDEX(Catalogue!$A$4:$A$454,SUMPRODUCT(((Catalogue!$C$4:$C$454="ROSACE1P")*(Catalogue!$D$4:$D$454=IF(SPK!$D$31="Bronze","BRONZE",IF(SPK!$D$31="Chrome","CHROME",IF(SPK!$D$31="Blanche","BLANCHE",IF(SPK!$D$31="Noire","NOIRE","")))))*(Catalogue!$E$4:$E$454=(SPK!$D$30+0)))*ROW(Catalogue!$C$4:$C$454))-3),"Non trouvé - vérifier")) | C71: =IF(OR((IF(OR(SPK!$D$29="SSP Toiture",SPK!$D$29="SSU Toiture"),"Toiture",IF(SPK!$D$29="SSP Placo","TB Placo",IF(SPK!$D$29="SSP Faux plafond","TB Faux plaf",IF(SPK!$D$29="SSP Labo","TB Labo","")))))<>"TB Labo",SPK!$D$31="Bronze"),"",IFERROR(INDEX(Catalogue!$B$4:$B$454,SUMPRODUCT(((Catalogue!$C$4:$C$454="ROSACE1P")*(Catalogue!$D$4:$D$454=IF(SPK!$D$31="Bronze","BRONZE",IF(SPK!$D$31="Chrome","CHROME",IF(SPK!$D$31="Blanche","BLANCHE",IF(SPK!$D$31="Noire","NOIRE","")))))*(Catalogue!$E$4:$E$454=(SPK!$D$30+0)))*ROW(Catalogue!$C$4:$C$454))-3),"")) | D71: =IF(OR((IF(OR(SPK!$D$29="SSP Toiture",SPK!$D$29="SSU Toiture"),"Toiture",IF(SPK!$D$29="SSP Placo","TB Placo",IF(SPK!$D$29="SSP Faux plafond","TB Faux plaf",IF(SPK!$D$29="SSP Labo","TB Labo","")))))<>"TB Labo",SPK!$D$31="Bronze"),0,(SPK!$D$26)) -> 0 | E71: pce | F71: =IF(AND(B71<>"",B71<>"Non trouvé - vérifier",D71<>"",D71<>0),SUMIF($B$2:$B$244,B71,$D$2:$D$244),"") | G71: =IF(AND(B71<>"",B71<>"Non trouvé - vérifier",D71<>"",D71<>0),IF(COUNTIF($B$2:B71,B71)=1,1,0),0) -> 0
A72: Tête sprinkler 1 | B72: =IFERROR(INDEX(Catalogue!$A$4:$A$454,SUMPRODUCT(((Catalogue!$C$4:$C$454="TETE")*(Catalogue!$D$4:$D$454=IF(SPK!$D$31="Bronze","BRONZE",IF(SPK!$D$31="Chrome","CHROME",IF(SPK!$D$31="Blanche","BLANCHE",IF(SPK!$D$31="Noire","NOIRE","")))))*(Catalogue!$E$4:$E$454=(SPK!$D$30+0))*(Catalogue!$G$4:$G$454=(IF(SPK!$D$29="SSU Toiture","SSU",IF(OR(SPK!$D$29="SSP Toiture",SPK!$D$29="SSP Placo",SPK!$D$29="SSP Faux plafond",SPK!$D$29="SSP Labo"),"SSP",""))))*(Catalogue!$H$4:$H$454=(SPK!$D$32+0))*(Catalogue!$I$4:$I$454=(SPK!$D$33+0))*(Catalogue!$J$4:$J$454=IF(SPK!$D$34="Rapide","RAPIDE",IF(SPK!$D$34="Standard","STANDARD",""))))*ROW(Catalogue!$C$4:$C$454))-3),"Non trouvé - vérifier") -> Non trouvé - vérifier | C72: =IFERROR(INDEX(Catalogue!$B$4:$B$454,SUMPRODUCT(((Catalogue!$C$4:$C$454="TETE")*(Catalogue!$D$4:$D$454=IF(SPK!$D$31="Bronze","BRONZE",IF(SPK!$D$31="Chrome","CHROME",IF(SPK!$D$31="Blanche","BLANCHE",IF(SPK!$D$31="Noire","NOIRE","")))))*(Catalogue!$E$4:$E$454=(SPK!$D$30+0))*(Catalogue!$G$4:$G$454=(IF(SPK!$D$29="SSU Toiture","SSU",IF(OR(SPK!$D$29="SSP Toiture",SPK!$D$29="SSP Placo",SPK!$D$29="SSP Faux plafond",SPK!$D$29="SSP Labo"),"SSP",""))))*(Catalogue!$H$4:$H$454=(SPK!$D$32+0))*(Catalogue!$I$4:$I$454=(SPK!$D$33+0))*(Catalogue!$J$4:$J$454=IF(SPK!$D$34="Rapide","RAPIDE",IF(SPK!$D$34="Standard","STANDARD",""))))*ROW(Catalogue!$C$4:$C$454))-3),"") | D72: =(SPK!$D$26) -> 0 | E72: pce | F72: =IF(AND(B72<>"",B72<>"Non trouvé - vérifier",D72<>"",D72<>0),SUMIF($B$2:$B$244,B72,$D$2:$D$244),"") | G72: =IF(AND(B72<>"",B72<>"Non trouvé - vérifier",D72<>"",D72<>0),IF(COUNTIF($B$2:B72,B72)=1,1,0),0) -> 0
A73: Antenne 1 - Support 1 | B73: =IF((IFERROR(INDEX(Supports!$C$4:$C$23,MATCH(SPK!$D$35,Supports!$B$4:$B$23,0)),""))="","",IF(IFERROR(INDEX(Supports!$C$4:$C$23,MATCH(SPK!$D$35,Supports!$B$4:$B$23,0)),"")="ETRIER RALLONGE (DN automatique = DN du tube)",IFERROR(INDEX(Catalogue!$A$4:$A$454,SUMPRODUCT(((Catalogue!$C$4:$C$454="ETRIER")*(Catalogue!$E$4:$E$454=(SPK!$D$22+0)))*ROW(Catalogue!$C$4:$C$454))-3),"Non trouvé - vérifier"),IF(IFERROR(INDEX(Supports!$C$4:$C$23,MATCH(SPK!$D$35,Supports!$B$4:$B$23,0)),"")="COLLIER INDUSTRIEL (DN automatique = DN du tube)",IFERROR(INDEX(Catalogue!$A$4:$A$454,SUMPRODUCT(((Catalogue!$C$4:$C$454="COLLIERINDUS")*(Catalogue!$E$4:$E$454=(SPK!$D$22+0)))*ROW(Catalogue!$C$4:$C$454))-3),"Non trouvé - vérifier"),IF(IFERROR(INDEX(Supports!$C$4:$C$23,MATCH(SPK!$D$35,Supports!$B$4:$B$23,0)),"")="COLLIER POIRE (DN automatique = DN du tube)",IFERROR(INDEX(Catalogue!$A$4:$A$454,SUMPRODUCT(((Catalogue!$C$4:$C$454="COLLIERPOIRE")*(Catalogue!$E$4:$E$454=(SPK!$D$22+0)))*ROW(Catalogue!$C$4:$C$454))-3),"Non trouvé - vérifier"),IFERROR(INDEX(Catalogue!$A$4:$A$454,MATCH(IFERROR(INDEX(Supports!$C$4:$C$23,MATCH(SPK!$D$35,Supports!$B$4:$B$23,0)),""),Catalogue!$B$4:$B$454,0)),""))))) | C73: =IF((IFERROR(INDEX(Supports!$C$4:$C$23,MATCH(SPK!$D$35,Supports!$B$4:$B$23,0)),""))="","",IF(IFERROR(INDEX(Supports!$C$4:$C$23,MATCH(SPK!$D$35,Supports!$B$4:$B$23,0)),"")="ETRIER RALLONGE (DN automatique = DN du tube)",IFERROR(INDEX(Catalogue!$B$4:$B$454,SUMPRODUCT(((Catalogue!$C$4:$C$454="ETRIER")*(Catalogue!$E$4:$E$454=(SPK!$D$22+0)))*ROW(Catalogue!$C$4:$C$454))-3),""),IF(IFERROR(INDEX(Supports!$C$4:$C$23,MATCH(SPK!$D$35,Supports!$B$4:$B$23,0)),"")="COLLIER INDUSTRIEL (DN automatique = DN du tube)",IFERROR(INDEX(Catalogue!$B$4:$B$454,SUMPRODUCT(((Catalogue!$C$4:$C$454="COLLIERINDUS")*(Catalogue!$E$4:$E$454=(SPK!$D$22+0)))*ROW(Catalogue!$C$4:$C$454))-3),""),IF(IFERROR(INDEX(Supports!$C$4:$C$23,MATCH(SPK!$D$35,Supports!$B$4:$B$23,0)),"")="COLLIER POIRE (DN automatique = DN du tube)",IFERROR(INDEX(Catalogue!$B$4:$B$454,SUMPRODUCT(((Catalogue!$C$4:$C$454="COLLIERPOIRE")*(Catalogue!$E$4:$E$454=(SPK!$D$22+0)))*ROW(Catalogue!$C$4:$C$454))-3),""),IFERROR(INDEX(Supports!$C$4:$C$23,MATCH(SPK!$D$35,Supports!$B$4:$B$23,0)),""))))) | D73: =IF((IFERROR(INDEX(Supports!$C$4:$C$23,MATCH(SPK!$D$35,Supports!$B$4:$B$23,0)),""))="","",(IFERROR(INDEX(Supports!$D$4:$D$23,MATCH(SPK!$D$35,Supports!$B$4:$B$23,0)),0))*SPK!$D$36) | E73: pce/m | F73: =IF(AND(B73<>"",B73<>"Non trouvé - vérifier",D73<>"",D73<>0),SUMIF($B$2:$B$244,B73,$D$2:$D$244),"") | G73: =IF(AND(B73<>"",B73<>"Non trouvé - vérifier",D73<>"",D73<>0),IF(COUNTIF($B$2:B73,B73)=1,1,0),0) -> 0
A74: Antenne 1 - Support 1 | B74: =IF((IFERROR(INDEX(Supports!$E$4:$E$23,MATCH(SPK!$D$35,Supports!$B$4:$B$23,0)),""))="","",IF(IFERROR(INDEX(Supports!$E$4:$E$23,MATCH(SPK!$D$35,Supports!$B$4:$B$23,0)),"")="ETRIER RALLONGE (DN automatique = DN du tube)",IFERROR(INDEX(Catalogue!$A$4:$A$454,SUMPRODUCT(((Catalogue!$C$4:$C$454="ETRIER")*(Catalogue!$E$4:$E$454=(SPK!$D$22+0)))*ROW(Catalogue!$C$4:$C$454))-3),"Non trouvé - vérifier"),IF(IFERROR(INDEX(Supports!$E$4:$E$23,MATCH(SPK!$D$35,Supports!$B$4:$B$23,0)),"")="COLLIER INDUSTRIEL (DN automatique = DN du tube)",IFERROR(INDEX(Catalogue!$A$4:$A$454,SUMPRODUCT(((Catalogue!$C$4:$C$454="COLLIERINDUS")*(Catalogue!$E$4:$E$454=(SPK!$D$22+0)))*ROW(Catalogue!$C$4:$C$454))-3),"Non trouvé - vérifier"),IF(IFERROR(INDEX(Supports!$E$4:$E$23,MATCH(SPK!$D$35,Supports!$B$4:$B$23,0)),"")="COLLIER POIRE (DN automatique = DN du tube)",IFERROR(INDEX(Catalogue!$A$4:$A$454,SUMPRODUCT(((Catalogue!$C$4:$C$454="COLLIERPOIRE")*(Catalogue!$E$4:$E$454=(SPK!$D$22+0)))*ROW(Catalogue!$C$4:$C$454))-3),"Non trouvé - vérifier"),IFERROR(INDEX(Catalogue!$A$4:$A$454,MATCH(IFERROR(INDEX(Supports!$E$4:$E$23,MATCH(SPK!$D$35,Supports!$B$4:$B$23,0)),""),Catalogue!$B$4:$B$454,0)),""))))) | C74: =IF((IFERROR(INDEX(Supports!$E$4:$E$23,MATCH(SPK!$D$35,Supports!$B$4:$B$23,0)),""))="","",IF(IFERROR(INDEX(Supports!$E$4:$E$23,MATCH(SPK!$D$35,Supports!$B$4:$B$23,0)),"")="ETRIER RALLONGE (DN automatique = DN du tube)",IFERROR(INDEX(Catalogue!$B$4:$B$454,SUMPRODUCT(((Catalogue!$C$4:$C$454="ETRIER")*(Catalogue!$E$4:$E$454=(SPK!$D$22+0)))*ROW(Catalogue!$C$4:$C$454))-3),""),IF(IFERROR(INDEX(Supports!$E$4:$E$23,MATCH(SPK!$D$35,Supports!$B$4:$B$23,0)),"")="COLLIER INDUSTRIEL (DN automatique = DN du tube)",IFERROR(INDEX(Catalogue!$B$4:$B$454,SUMPRODUCT(((Catalogue!$C$4:$C$454="COLLIERINDUS")*(Catalogue!$E$4:$E$454=(SPK!$D$22+0)))*ROW(Catalogue!$C$4:$C$454))-3),""),IF(IFERROR(INDEX(Supports!$E$4:$E$23,MATCH(SPK!$D$35,Supports!$B$4:$B$23,0)),"")="COLLIER POIRE (DN automatique = DN du tube)",IFERROR(INDEX(Catalogue!$B$4:$B$454,SUMPRODUCT(((Catalogue!$C$4:$C$454="COLLIERPOIRE")*(Catalogue!$E$4:$E$454=(SPK!$D$22+0)))*ROW(Catalogue!$C$4:$C$454))-3),""),IFERROR(INDEX(Supports!$E$4:$E$23,MATCH(SPK!$D$35,Supports!$B$4:$B$23,0)),""))))) | D74: =IF((IFERROR(INDEX(Supports!$E$4:$E$23,MATCH(SPK!$D$35,Supports!$B$4:$B$23,0)),""))="","",(IFERROR(INDEX(Supports!$F$4:$F$23,MATCH(SPK!$D$35,Supports!$B$4:$B$23,0)),0))*SPK!$D$36) | E74: pce/m | F74: =IF(AND(B74<>"",B74<>"Non trouvé - vérifier",D74<>"",D74<>0),SUMIF($B$2:$B$244,B74,$D$2:$D$244),"") | G74: =IF(AND(B74<>"",B74<>"Non trouvé - vérifier",D74<>"",D74<>0),IF(COUNTIF($B$2:B74,B74)=1,1,0),0) -> 0
A75: Antenne 1 - Support 1 | B75: =IF((IFERROR(INDEX(Supports!$G$4:$G$23,MATCH(SPK!$D$35,Supports!$B$4:$B$23,0)),""))="","",IF(IFERROR(INDEX(Supports!$G$4:$G$23,MATCH(SPK!$D$35,Supports!$B$4:$B$23,0)),"")="ETRIER RALLONGE (DN automatique = DN du tube)",IFERROR(INDEX(Catalogue!$A$4:$A$454,SUMPRODUCT(((Catalogue!$C$4:$C$454="ETRIER")*(Catalogue!$E$4:$E$454=(SPK!$D$22+0)))*ROW(Catalogue!$C$4:$C$454))-3),"Non trouvé - vérifier"),IF(IFERROR(INDEX(Supports!$G$4:$G$23,MATCH(SPK!$D$35,Supports!$B$4:$B$23,0)),"")="COLLIER INDUSTRIEL (DN automatique = DN du tube)",IFERROR(INDEX(Catalogue!$A$4:$A$454,SUMPRODUCT(((Catalogue!$C$4:$C$454="COLLIERINDUS")*(Catalogue!$E$4:$E$454=(SPK!$D$22+0)))*ROW(Catalogue!$C$4:$C$454))-3),"Non trouvé - vérifier"),IF(IFERROR(INDEX(Supports!$G$4:$G$23,MATCH(SPK!$D$35,Supports!$B$4:$B$23,0)),"")="COLLIER POIRE (DN automatique = DN du tube)",IFERROR(INDEX(Catalogue!$A$4:$A$454,SUMPRODUCT(((Catalogue!$C$4:$C$454="COLLIERPOIRE")*(Catalogue!$E$4:$E$454=(SPK!$D$22+0)))*ROW(Catalogue!$C$4:$C$454))-3),"Non trouvé - vérifier"),IFERROR(INDEX(Catalogue!$A$4:$A$454,MATCH(IFERROR(INDEX(Supports!$G$4:$G$23,MATCH(SPK!$D$35,Supports!$B$4:$B$23,0)),""),Catalogue!$B$4:$B$454,0)),""))))) | C75: =IF((IFERROR(INDEX(Supports!$G$4:$G$23,MATCH(SPK!$D$35,Supports!$B$4:$B$23,0)),""))="","",IF(IFERROR(INDEX(Supports!$G$4:$G$23,MATCH(SPK!$D$35,Supports!$B$4:$B$23,0)),"")="ETRIER RALLONGE (DN automatique = DN du tube)",IFERROR(INDEX(Catalogue!$B$4:$B$454,SUMPRODUCT(((Catalogue!$C$4:$C$454="ETRIER")*(Catalogue!$E$4:$E$454=(SPK!$D$22+0)))*ROW(Catalogue!$C$4:$C$454))-3),""),IF(IFERROR(INDEX(Supports!$G$4:$G$23,MATCH(SPK!$D$35,Supports!$B$4:$B$23,0)),"")="COLLIER INDUSTRIEL (DN automatique = DN du tube)",IFERROR(INDEX(Catalogue!$B$4:$B$454,SUMPRODUCT(((Catalogue!$C$4:$C$454="COLLIERINDUS")*(Catalogue!$E$4:$E$454=(SPK!$D$22+0)))*ROW(Catalogue!$C$4:$C$454))-3),""),IF(IFERROR(INDEX(Supports!$G$4:$G$23,MATCH(SPK!$D$35,Supports!$B$4:$B$23,0)),"")="COLLIER POIRE (DN automatique = DN du tube)",IFERROR(INDEX(Catalogue!$B$4:$B$454,SUMPRODUCT(((Catalogue!$C$4:$C$454="COLLIERPOIRE")*(Catalogue!$E$4:$E$454=(SPK!$D$22+0)))*ROW(Catalogue!$C$4:$C$454))-3),""),IFERROR(INDEX(Supports!$G$4:$G$23,MATCH(SPK!$D$35,Supports!$B$4:$B$23,0)),""))))) | D75: =IF((IFERROR(INDEX(Supports!$G$4:$G$23,MATCH(SPK!$D$35,Supports!$B$4:$B$23,0)),""))="","",(IFERROR(INDEX(Supports!$H$4:$H$23,MATCH(SPK!$D$35,Supports!$B$4:$B$23,0)),0))*SPK!$D$36) | E75: pce/m | F75: =IF(AND(B75<>"",B75<>"Non trouvé - vérifier",D75<>"",D75<>0),SUMIF($B$2:$B$244,B75,$D$2:$D$244),"") | G75: =IF(AND(B75<>"",B75<>"Non trouvé - vérifier",D75<>"",D75<>0),IF(COUNTIF($B$2:B75,B75)=1,1,0),0) -> 0
A76: Antenne 1 - Support 1 | B76: =IF((IFERROR(INDEX(Supports!$I$4:$I$23,MATCH(SPK!$D$35,Supports!$B$4:$B$23,0)),""))="","",IF(IFERROR(INDEX(Supports!$I$4:$I$23,MATCH(SPK!$D$35,Supports!$B$4:$B$23,0)),"")="ETRIER RALLONGE (DN automatique = DN du tube)",IFERROR(INDEX(Catalogue!$A$4:$A$454,SUMPRODUCT(((Catalogue!$C$4:$C$454="ETRIER")*(Catalogue!$E$4:$E$454=(SPK!$D$22+0)))*ROW(Catalogue!$C$4:$C$454))-3),"Non trouvé - vérifier"),IF(IFERROR(INDEX(Supports!$I$4:$I$23,MATCH(SPK!$D$35,Supports!$B$4:$B$23,0)),"")="COLLIER INDUSTRIEL (DN automatique = DN du tube)",IFERROR(INDEX(Catalogue!$A$4:$A$454,SUMPRODUCT(((Catalogue!$C$4:$C$454="COLLIERINDUS")*(Catalogue!$E$4:$E$454=(SPK!$D$22+0)))*ROW(Catalogue!$C$4:$C$454))-3),"Non trouvé - vérifier"),IF(IFERROR(INDEX(Supports!$I$4:$I$23,MATCH(SPK!$D$35,Supports!$B$4:$B$23,0)),"")="COLLIER POIRE (DN automatique = DN du tube)",IFERROR(INDEX(Catalogue!$A$4:$A$454,SUMPRODUCT(((Catalogue!$C$4:$C$454="COLLIERPOIRE")*(Catalogue!$E$4:$E$454=(SPK!$D$22+0)))*ROW(Catalogue!$C$4:$C$454))-3),"Non trouvé - vérifier"),IFERROR(INDEX(Catalogue!$A$4:$A$454,MATCH(IFERROR(INDEX(Supports!$I$4:$I$23,MATCH(SPK!$D$35,Supports!$B$4:$B$23,0)),""),Catalogue!$B$4:$B$454,0)),""))))) | C76: =IF((IFERROR(INDEX(Supports!$I$4:$I$23,MATCH(SPK!$D$35,Supports!$B$4:$B$23,0)),""))="","",IF(IFERROR(INDEX(Supports!$I$4:$I$23,MATCH(SPK!$D$35,Supports!$B$4:$B$23,0)),"")="ETRIER RALLONGE (DN automatique = DN du tube)",IFERROR(INDEX(Catalogue!$B$4:$B$454,SUMPRODUCT(((Catalogue!$C$4:$C$454="ETRIER")*(Catalogue!$E$4:$E$454=(SPK!$D$22+0)))*ROW(Catalogue!$C$4:$C$454))-3),""),IF(IFERROR(INDEX(Supports!$I$4:$I$23,MATCH(SPK!$D$35,Supports!$B$4:$B$23,0)),"")="COLLIER INDUSTRIEL (DN automatique = DN du tube)",IFERROR(INDEX(Catalogue!$B$4:$B$454,SUMPRODUCT(((Catalogue!$C$4:$C$454="COLLIERINDUS")*(Catalogue!$E$4:$E$454=(SPK!$D$22+0)))*ROW(Catalogue!$C$4:$C$454))-3),""),IF(IFERROR(INDEX(Supports!$I$4:$I$23,MATCH(SPK!$D$35,Supports!$B$4:$B$23,0)),"")="COLLIER POIRE (DN automatique = DN du tube)",IFERROR(INDEX(Catalogue!$B$4:$B$454,SUMPRODUCT(((Catalogue!$C$4:$C$454="COLLIERPOIRE")*(Catalogue!$E$4:$E$454=(SPK!$D$22+0)))*ROW(Catalogue!$C$4:$C$454))-3),""),IFERROR(INDEX(Supports!$I$4:$I$23,MATCH(SPK!$D$35,Supports!$B$4:$B$23,0)),""))))) | D76: =IF((IFERROR(INDEX(Supports!$I$4:$I$23,MATCH(SPK!$D$35,Supports!$B$4:$B$23,0)),""))="","",(IFERROR(INDEX(Supports!$J$4:$J$23,MATCH(SPK!$D$35,Supports!$B$4:$B$23,0)),0))*SPK!$D$36) | E76: pce/m | F76: =IF(AND(B76<>"",B76<>"Non trouvé - vérifier",D76<>"",D76<>0),SUMIF($B$2:$B$244,B76,$D$2:$D$244),"") | G76: =IF(AND(B76<>"",B76<>"Non trouvé - vérifier",D76<>"",D76<>0),IF(COUNTIF($B$2:B76,B76)=1,1,0),0) -> 0
A77: Antenne 1 - Support 1 | B77: =IF((IFERROR(INDEX(Supports!$K$4:$K$23,MATCH(SPK!$D$35,Supports!$B$4:$B$23,0)),""))="","",IF(IFERROR(INDEX(Supports!$K$4:$K$23,MATCH(SPK!$D$35,Supports!$B$4:$B$23,0)),"")="ETRIER RALLONGE (DN automatique = DN du tube)",IFERROR(INDEX(Catalogue!$A$4:$A$454,SUMPRODUCT(((Catalogue!$C$4:$C$454="ETRIER")*(Catalogue!$E$4:$E$454=(SPK!$D$22+0)))*ROW(Catalogue!$C$4:$C$454))-3),"Non trouvé - vérifier"),IF(IFERROR(INDEX(Supports!$K$4:$K$23,MATCH(SPK!$D$35,Supports!$B$4:$B$23,0)),"")="COLLIER INDUSTRIEL (DN automatique = DN du tube)",IFERROR(INDEX(Catalogue!$A$4:$A$454,SUMPRODUCT(((Catalogue!$C$4:$C$454="COLLIERINDUS")*(Catalogue!$E$4:$E$454=(SPK!$D$22+0)))*ROW(Catalogue!$C$4:$C$454))-3),"Non trouvé - vérifier"),IF(IFERROR(INDEX(Supports!$K$4:$K$23,MATCH(SPK!$D$35,Supports!$B$4:$B$23,0)),"")="COLLIER POIRE (DN automatique = DN du tube)",IFERROR(INDEX(Catalogue!$A$4:$A$454,SUMPRODUCT(((Catalogue!$C$4:$C$454="COLLIERPOIRE")*(Catalogue!$E$4:$E$454=(SPK!$D$22+0)))*ROW(Catalogue!$C$4:$C$454))-3),"Non trouvé - vérifier"),IFERROR(INDEX(Catalogue!$A$4:$A$454,MATCH(IFERROR(INDEX(Supports!$K$4:$K$23,MATCH(SPK!$D$35,Supports!$B$4:$B$23,0)),""),Catalogue!$B$4:$B$454,0)),""))))) | C77: =IF((IFERROR(INDEX(Supports!$K$4:$K$23,MATCH(SPK!$D$35,Supports!$B$4:$B$23,0)),""))="","",IF(IFERROR(INDEX(Supports!$K$4:$K$23,MATCH(SPK!$D$35,Supports!$B$4:$B$23,0)),"")="ETRIER RALLONGE (DN automatique = DN du tube)",IFERROR(INDEX(Catalogue!$B$4:$B$454,SUMPRODUCT(((Catalogue!$C$4:$C$454="ETRIER")*(Catalogue!$E$4:$E$454=(SPK!$D$22+0)))*ROW(Catalogue!$C$4:$C$454))-3),""),IF(IFERROR(INDEX(Supports!$K$4:$K$23,MATCH(SPK!$D$35,Supports!$B$4:$B$23,0)),"")="COLLIER INDUSTRIEL (DN automatique = DN du tube)",IFERROR(INDEX(Catalogue!$B$4:$B$454,SUMPRODUCT(((Catalogue!$C$4:$C$454="COLLIERINDUS")*(Catalogue!$E$4:$E$454=(SPK!$D$22+0)))*ROW(Catalogue!$C$4:$C$454))-3),""),IF(IFERROR(INDEX(Supports!$K$4:$K$23,MATCH(SPK!$D$35,Supports!$B$4:$B$23,0)),"")="COLLIER POIRE (DN automatique = DN du tube)",IFERROR(INDEX(Catalogue!$B$4:$B$454,SUMPRODUCT(((Catalogue!$C$4:$C$454="COLLIERPOIRE")*(Catalogue!$E$4:$E$454=(SPK!$D$22+0)))*ROW(Catalogue!$C$4:$C$454))-3),""),IFERROR(INDEX(Supports!$K$4:$K$23,MATCH(SPK!$D$35,Supports!$B$4:$B$23,0)),""))))) | D77: =IF((IFERROR(INDEX(Supports!$K$4:$K$23,MATCH(SPK!$D$35,Supports!$B$4:$B$23,0)),""))="","",(IFERROR(INDEX(Supports!$L$4:$L$23,MATCH(SPK!$D$35,Supports!$B$4:$B$23,0)),0))*SPK!$D$36) | E77: pce/m | F77: =IF(AND(B77<>"",B77<>"Non trouvé - vérifier",D77<>"",D77<>0),SUMIF($B$2:$B$244,B77,$D$2:$D$244),"") | G77: =IF(AND(B77<>"",B77<>"Non trouvé - vérifier",D77<>"",D77<>0),IF(COUNTIF($B$2:B77,B77)=1,1,0),0) -> 0
A78: Antenne 1 - Support 1 | B78: =IF((IFERROR(INDEX(Supports!$M$4:$M$23,MATCH(SPK!$D$35,Supports!$B$4:$B$23,0)),""))="","",IF(IFERROR(INDEX(Supports!$M$4:$M$23,MATCH(SPK!$D$35,Supports!$B$4:$B$23,0)),"")="ETRIER RALLONGE (DN automatique = DN du tube)",IFERROR(INDEX(Catalogue!$A$4:$A$454,SUMPRODUCT(((Catalogue!$C$4:$C$454="ETRIER")*(Catalogue!$E$4:$E$454=(SPK!$D$22+0)))*ROW(Catalogue!$C$4:$C$454))-3),"Non trouvé - vérifier"),IF(IFERROR(INDEX(Supports!$M$4:$M$23,MATCH(SPK!$D$35,Supports!$B$4:$B$23,0)),"")="COLLIER INDUSTRIEL (DN automatique = DN du tube)",IFERROR(INDEX(Catalogue!$A$4:$A$454,SUMPRODUCT(((Catalogue!$C$4:$C$454="COLLIERINDUS")*(Catalogue!$E$4:$E$454=(SPK!$D$22+0)))*ROW(Catalogue!$C$4:$C$454))-3),"Non trouvé - vérifier"),IF(IFERROR(INDEX(Supports!$M$4:$M$23,MATCH(SPK!$D$35,Supports!$B$4:$B$23,0)),"")="COLLIER POIRE (DN automatique = DN du tube)",IFERROR(INDEX(Catalogue!$A$4:$A$454,SUMPRODUCT(((Catalogue!$C$4:$C$454="COLLIERPOIRE")*(Catalogue!$E$4:$E$454=(SPK!$D$22+0)))*ROW(Catalogue!$C$4:$C$454))-3),"Non trouvé - vérifier"),IFERROR(INDEX(Catalogue!$A$4:$A$454,MATCH(IFERROR(INDEX(Supports!$M$4:$M$23,MATCH(SPK!$D$35,Supports!$B$4:$B$23,0)),""),Catalogue!$B$4:$B$454,0)),""))))) | C78: =IF((IFERROR(INDEX(Supports!$M$4:$M$23,MATCH(SPK!$D$35,Supports!$B$4:$B$23,0)),""))="","",IF(IFERROR(INDEX(Supports!$M$4:$M$23,MATCH(SPK!$D$35,Supports!$B$4:$B$23,0)),"")="ETRIER RALLONGE (DN automatique = DN du tube)",IFERROR(INDEX(Catalogue!$B$4:$B$454,SUMPRODUCT(((Catalogue!$C$4:$C$454="ETRIER")*(Catalogue!$E$4:$E$454=(SPK!$D$22+0)))*ROW(Catalogue!$C$4:$C$454))-3),""),IF(IFERROR(INDEX(Supports!$M$4:$M$23,MATCH(SPK!$D$35,Supports!$B$4:$B$23,0)),"")="COLLIER INDUSTRIEL (DN automatique = DN du tube)",IFERROR(INDEX(Catalogue!$B$4:$B$454,SUMPRODUCT(((Catalogue!$C$4:$C$454="COLLIERINDUS")*(Catalogue!$E$4:$E$454=(SPK!$D$22+0)))*ROW(Catalogue!$C$4:$C$454))-3),""),IF(IFERROR(INDEX(Supports!$M$4:$M$23,MATCH(SPK!$D$35,Supports!$B$4:$B$23,0)),"")="COLLIER POIRE (DN automatique = DN du tube)",IFERROR(INDEX(Catalogue!$B$4:$B$454,SUMPRODUCT(((Catalogue!$C$4:$C$454="COLLIERPOIRE")*(Catalogue!$E$4:$E$454=(SPK!$D$22+0)))*ROW(Catalogue!$C$4:$C$454))-3),""),IFERROR(INDEX(Supports!$M$4:$M$23,MATCH(SPK!$D$35,Supports!$B$4:$B$23,0)),""))))) | D78: =IF((IFERROR(INDEX(Supports!$M$4:$M$23,MATCH(SPK!$D$35,Supports!$B$4:$B$23,0)),""))="","",(IFERROR(INDEX(Supports!$N$4:$N$23,MATCH(SPK!$D$35,Supports!$B$4:$B$23,0)),0))*SPK!$D$36) | E78: pce/m | F78: =IF(AND(B78<>"",B78<>"Non trouvé - vérifier",D78<>"",D78<>0),SUMIF($B$2:$B$244,B78,$D$2:$D$244),"") | G78: =IF(AND(B78<>"",B78<>"Non trouvé - vérifier",D78<>"",D78<>0),IF(COUNTIF($B$2:B78,B78)=1,1,0),0) -> 0
A79: Antenne 1 - Support 2 | B79: =IF((IFERROR(INDEX(Supports!$C$4:$C$23,MATCH(SPK!$D$37,Supports!$B$4:$B$23,0)),""))="","",IF(IFERROR(INDEX(Supports!$C$4:$C$23,MATCH(SPK!$D$37,Supports!$B$4:$B$23,0)),"")="ETRIER RALLONGE (DN automatique = DN du tube)",IFERROR(INDEX(Catalogue!$A$4:$A$454,SUMPRODUCT(((Catalogue!$C$4:$C$454="ETRIER")*(Catalogue!$E$4:$E$454=(SPK!$D$22+0)))*ROW(Catalogue!$C$4:$C$454))-3),"Non trouvé - vérifier"),IF(IFERROR(INDEX(Supports!$C$4:$C$23,MATCH(SPK!$D$37,Supports!$B$4:$B$23,0)),"")="COLLIER INDUSTRIEL (DN automatique = DN du tube)",IFERROR(INDEX(Catalogue!$A$4:$A$454,SUMPRODUCT(((Catalogue!$C$4:$C$454="COLLIERINDUS")*(Catalogue!$E$4:$E$454=(SPK!$D$22+0)))*ROW(Catalogue!$C$4:$C$454))-3),"Non trouvé - vérifier"),IF(IFERROR(INDEX(Supports!$C$4:$C$23,MATCH(SPK!$D$37,Supports!$B$4:$B$23,0)),"")="COLLIER POIRE (DN automatique = DN du tube)",IFERROR(INDEX(Catalogue!$A$4:$A$454,SUMPRODUCT(((Catalogue!$C$4:$C$454="COLLIERPOIRE")*(Catalogue!$E$4:$E$454=(SPK!$D$22+0)))*ROW(Catalogue!$C$4:$C$454))-3),"Non trouvé - vérifier"),IFERROR(INDEX(Catalogue!$A$4:$A$454,MATCH(IFERROR(INDEX(Supports!$C$4:$C$23,MATCH(SPK!$D$37,Supports!$B$4:$B$23,0)),""),Catalogue!$B$4:$B$454,0)),""))))) | C79: =IF((IFERROR(INDEX(Supports!$C$4:$C$23,MATCH(SPK!$D$37,Supports!$B$4:$B$23,0)),""))="","",IF(IFERROR(INDEX(Supports!$C$4:$C$23,MATCH(SPK!$D$37,Supports!$B$4:$B$23,0)),"")="ETRIER RALLONGE (DN automatique = DN du tube)",IFERROR(INDEX(Catalogue!$B$4:$B$454,SUMPRODUCT(((Catalogue!$C$4:$C$454="ETRIER")*(Catalogue!$E$4:$E$454=(SPK!$D$22+0)))*ROW(Catalogue!$C$4:$C$454))-3),""),IF(IFERROR(INDEX(Supports!$C$4:$C$23,MATCH(SPK!$D$37,Supports!$B$4:$B$23,0)),"")="COLLIER INDUSTRIEL (DN automatique = DN du tube)",IFERROR(INDEX(Catalogue!$B$4:$B$454,SUMPRODUCT(((Catalogue!$C$4:$C$454="COLLIERINDUS")*(Catalogue!$E$4:$E$454=(SPK!$D$22+0)))*ROW(Catalogue!$C$4:$C$454))-3),""),IF(IFERROR(INDEX(Supports!$C$4:$C$23,MATCH(SPK!$D$37,Supports!$B$4:$B$23,0)),"")="COLLIER POIRE (DN automatique = DN du tube)",IFERROR(INDEX(Catalogue!$B$4:$B$454,SUMPRODUCT(((Catalogue!$C$4:$C$454="COLLIERPOIRE")*(Catalogue!$E$4:$E$454=(SPK!$D$22+0)))*ROW(Catalogue!$C$4:$C$454))-3),""),IFERROR(INDEX(Supports!$C$4:$C$23,MATCH(SPK!$D$37,Supports!$B$4:$B$23,0)),""))))) | D79: =IF((IFERROR(INDEX(Supports!$C$4:$C$23,MATCH(SPK!$D$37,Supports!$B$4:$B$23,0)),""))="","",(IFERROR(INDEX(Supports!$D$4:$D$23,MATCH(SPK!$D$37,Supports!$B$4:$B$23,0)),0))*SPK!$D$38) | E79: pce/m | F79: =IF(AND(B79<>"",B79<>"Non trouvé - vérifier",D79<>"",D79<>0),SUMIF($B$2:$B$244,B79,$D$2:$D$244),"") | G79: =IF(AND(B79<>"",B79<>"Non trouvé - vérifier",D79<>"",D79<>0),IF(COUNTIF($B$2:B79,B79)=1,1,0),0) -> 0
A80: Antenne 1 - Support 2 | B80: =IF((IFERROR(INDEX(Supports!$E$4:$E$23,MATCH(SPK!$D$37,Supports!$B$4:$B$23,0)),""))="","",IF(IFERROR(INDEX(Supports!$E$4:$E$23,MATCH(SPK!$D$37,Supports!$B$4:$B$23,0)),"")="ETRIER RALLONGE (DN automatique = DN du tube)",IFERROR(INDEX(Catalogue!$A$4:$A$454,SUMPRODUCT(((Catalogue!$C$4:$C$454="ETRIER")*(Catalogue!$E$4:$E$454=(SPK!$D$22+0)))*ROW(Catalogue!$C$4:$C$454))-3),"Non trouvé - vérifier"),IF(IFERROR(INDEX(Supports!$E$4:$E$23,MATCH(SPK!$D$37,Supports!$B$4:$B$23,0)),"")="COLLIER INDUSTRIEL (DN automatique = DN du tube)",IFERROR(INDEX(Catalogue!$A$4:$A$454,SUMPRODUCT(((Catalogue!$C$4:$C$454="COLLIERINDUS")*(Catalogue!$E$4:$E$454=(SPK!$D$22+0)))*ROW(Catalogue!$C$4:$C$454))-3),"Non trouvé - vérifier"),IF(IFERROR(INDEX(Supports!$E$4:$E$23,MATCH(SPK!$D$37,Supports!$B$4:$B$23,0)),"")="COLLIER POIRE (DN automatique = DN du tube)",IFERROR(INDEX(Catalogue!$A$4:$A$454,SUMPRODUCT(((Catalogue!$C$4:$C$454="COLLIERPOIRE")*(Catalogue!$E$4:$E$454=(SPK!$D$22+0)))*ROW(Catalogue!$C$4:$C$454))-3),"Non trouvé - vérifier"),IFERROR(INDEX(Catalogue!$A$4:$A$454,MATCH(IFERROR(INDEX(Supports!$E$4:$E$23,MATCH(SPK!$D$37,Supports!$B$4:$B$23,0)),""),Catalogue!$B$4:$B$454,0)),""))))) | C80: =IF((IFERROR(INDEX(Supports!$E$4:$E$23,MATCH(SPK!$D$37,Supports!$B$4:$B$23,0)),""))="","",IF(IFERROR(INDEX(Supports!$E$4:$E$23,MATCH(SPK!$D$37,Supports!$B$4:$B$23,0)),"")="ETRIER RALLONGE (DN automatique = DN du tube)",IFERROR(INDEX(Catalogue!$B$4:$B$454,SUMPRODUCT(((Catalogue!$C$4:$C$454="ETRIER")*(Catalogue!$E$4:$E$454=(SPK!$D$22+0)))*ROW(Catalogue!$C$4:$C$454))-3),""),IF(IFERROR(INDEX(Supports!$E$4:$E$23,MATCH(SPK!$D$37,Supports!$B$4:$B$23,0)),"")="COLLIER INDUSTRIEL (DN automatique = DN du tube)",IFERROR(INDEX(Catalogue!$B$4:$B$454,SUMPRODUCT(((Catalogue!$C$4:$C$454="COLLIERINDUS")*(Catalogue!$E$4:$E$454=(SPK!$D$22+0)))*ROW(Catalogue!$C$4:$C$454))-3),""),IF(IFERROR(INDEX(Supports!$E$4:$E$23,MATCH(SPK!$D$37,Supports!$B$4:$B$23,0)),"")="COLLIER POIRE (DN automatique = DN du tube)",IFERROR(INDEX(Catalogue!$B$4:$B$454,SUMPRODUCT(((Catalogue!$C$4:$C$454="COLLIERPOIRE")*(Catalogue!$E$4:$E$454=(SPK!$D$22+0)))*ROW(Catalogue!$C$4:$C$454))-3),""),IFERROR(INDEX(Supports!$E$4:$E$23,MATCH(SPK!$D$37,Supports!$B$4:$B$23,0)),""))))) | D80: =IF((IFERROR(INDEX(Supports!$E$4:$E$23,MATCH(SPK!$D$37,Supports!$B$4:$B$23,0)),""))="","",(IFERROR(INDEX(Supports!$F$4:$F$23,MATCH(SPK!$D$37,Supports!$B$4:$B$23,0)),0))*SPK!$D$38) | E80: pce/m | F80: =IF(AND(B80<>"",B80<>"Non trouvé - vérifier",D80<>"",D80<>0),SUMIF($B$2:$B$244,B80,$D$2:$D$244),"") | G80: =IF(AND(B80<>"",B80<>"Non trouvé - vérifier",D80<>"",D80<>0),IF(COUNTIF($B$2:B80,B80)=1,1,0),0) -> 0
A81: Antenne 1 - Support 2 | B81: =IF((IFERROR(INDEX(Supports!$G$4:$G$23,MATCH(SPK!$D$37,Supports!$B$4:$B$23,0)),""))="","",IF(IFERROR(INDEX(Supports!$G$4:$G$23,MATCH(SPK!$D$37,Supports!$B$4:$B$23,0)),"")="ETRIER RALLONGE (DN automatique = DN du tube)",IFERROR(INDEX(Catalogue!$A$4:$A$454,SUMPRODUCT(((Catalogue!$C$4:$C$454="ETRIER")*(Catalogue!$E$4:$E$454=(SPK!$D$22+0)))*ROW(Catalogue!$C$4:$C$454))-3),"Non trouvé - vérifier"),IF(IFERROR(INDEX(Supports!$G$4:$G$23,MATCH(SPK!$D$37,Supports!$B$4:$B$23,0)),"")="COLLIER INDUSTRIEL (DN automatique = DN du tube)",IFERROR(INDEX(Catalogue!$A$4:$A$454,SUMPRODUCT(((Catalogue!$C$4:$C$454="COLLIERINDUS")*(Catalogue!$E$4:$E$454=(SPK!$D$22+0)))*ROW(Catalogue!$C$4:$C$454))-3),"Non trouvé - vérifier"),IF(IFERROR(INDEX(Supports!$G$4:$G$23,MATCH(SPK!$D$37,Supports!$B$4:$B$23,0)),"")="COLLIER POIRE (DN automatique = DN du tube)",IFERROR(INDEX(Catalogue!$A$4:$A$454,SUMPRODUCT(((Catalogue!$C$4:$C$454="COLLIERPOIRE")*(Catalogue!$E$4:$E$454=(SPK!$D$22+0)))*ROW(Catalogue!$C$4:$C$454))-3),"Non trouvé - vérifier"),IFERROR(INDEX(Catalogue!$A$4:$A$454,MATCH(IFERROR(INDEX(Supports!$G$4:$G$23,MATCH(SPK!$D$37,Supports!$B$4:$B$23,0)),""),Catalogue!$B$4:$B$454,0)),""))))) | C81: =IF((IFERROR(INDEX(Supports!$G$4:$G$23,MATCH(SPK!$D$37,Supports!$B$4:$B$23,0)),""))="","",IF(IFERROR(INDEX(Supports!$G$4:$G$23,MATCH(SPK!$D$37,Supports!$B$4:$B$23,0)),"")="ETRIER RALLONGE (DN automatique = DN du tube)",IFERROR(INDEX(Catalogue!$B$4:$B$454,SUMPRODUCT(((Catalogue!$C$4:$C$454="ETRIER")*(Catalogue!$E$4:$E$454=(SPK!$D$22+0)))*ROW(Catalogue!$C$4:$C$454))-3),""),IF(IFERROR(INDEX(Supports!$G$4:$G$23,MATCH(SPK!$D$37,Supports!$B$4:$B$23,0)),"")="COLLIER INDUSTRIEL (DN automatique = DN du tube)",IFERROR(INDEX(Catalogue!$B$4:$B$454,SUMPRODUCT(((Catalogue!$C$4:$C$454="COLLIERINDUS")*(Catalogue!$E$4:$E$454=(SPK!$D$22+0)))*ROW(Catalogue!$C$4:$C$454))-3),""),IF(IFERROR(INDEX(Supports!$G$4:$G$23,MATCH(SPK!$D$37,Supports!$B$4:$B$23,0)),"")="COLLIER POIRE (DN automatique = DN du tube)",IFERROR(INDEX(Catalogue!$B$4:$B$454,SUMPRODUCT(((Catalogue!$C$4:$C$454="COLLIERPOIRE")*(Catalogue!$E$4:$E$454=(SPK!$D$22+0)))*ROW(Catalogue!$C$4:$C$454))-3),""),IFERROR(INDEX(Supports!$G$4:$G$23,MATCH(SPK!$D$37,Supports!$B$4:$B$23,0)),""))))) | D81: =IF((IFERROR(INDEX(Supports!$G$4:$G$23,MATCH(SPK!$D$37,Supports!$B$4:$B$23,0)),""))="","",(IFERROR(INDEX(Supports!$H$4:$H$23,MATCH(SPK!$D$37,Supports!$B$4:$B$23,0)),0))*SPK!$D$38) | E81: pce/m | F81: =IF(AND(B81<>"",B81<>"Non trouvé - vérifier",D81<>"",D81<>0),SUMIF($B$2:$B$244,B81,$D$2:$D$244),"") | G81: =IF(AND(B81<>"",B81<>"Non trouvé - vérifier",D81<>"",D81<>0),IF(COUNTIF($B$2:B81,B81)=1,1,0),0) -> 0
A82: Antenne 1 - Support 2 | B82: =IF((IFERROR(INDEX(Supports!$I$4:$I$23,MATCH(SPK!$D$37,Supports!$B$4:$B$23,0)),""))="","",IF(IFERROR(INDEX(Supports!$I$4:$I$23,MATCH(SPK!$D$37,Supports!$B$4:$B$23,0)),"")="ETRIER RALLONGE (DN automatique = DN du tube)",IFERROR(INDEX(Catalogue!$A$4:$A$454,SUMPRODUCT(((Catalogue!$C$4:$C$454="ETRIER")*(Catalogue!$E$4:$E$454=(SPK!$D$22+0)))*ROW(Catalogue!$C$4:$C$454))-3),"Non trouvé - vérifier"),IF(IFERROR(INDEX(Supports!$I$4:$I$23,MATCH(SPK!$D$37,Supports!$B$4:$B$23,0)),"")="COLLIER INDUSTRIEL (DN automatique = DN du tube)",IFERROR(INDEX(Catalogue!$A$4:$A$454,SUMPRODUCT(((Catalogue!$C$4:$C$454="COLLIERINDUS")*(Catalogue!$E$4:$E$454=(SPK!$D$22+0)))*ROW(Catalogue!$C$4:$C$454))-3),"Non trouvé - vérifier"),IF(IFERROR(INDEX(Supports!$I$4:$I$23,MATCH(SPK!$D$37,Supports!$B$4:$B$23,0)),"")="COLLIER POIRE (DN automatique = DN du tube)",IFERROR(INDEX(Catalogue!$A$4:$A$454,SUMPRODUCT(((Catalogue!$C$4:$C$454="COLLIERPOIRE")*(Catalogue!$E$4:$E$454=(SPK!$D$22+0)))*ROW(Catalogue!$C$4:$C$454))-3),"Non trouvé - vérifier"),IFERROR(INDEX(Catalogue!$A$4:$A$454,MATCH(IFERROR(INDEX(Supports!$I$4:$I$23,MATCH(SPK!$D$37,Supports!$B$4:$B$23,0)),""),Catalogue!$B$4:$B$454,0)),""))))) | C82: =IF((IFERROR(INDEX(Supports!$I$4:$I$23,MATCH(SPK!$D$37,Supports!$B$4:$B$23,0)),""))="","",IF(IFERROR(INDEX(Supports!$I$4:$I$23,MATCH(SPK!$D$37,Supports!$B$4:$B$23,0)),"")="ETRIER RALLONGE (DN automatique = DN du tube)",IFERROR(INDEX(Catalogue!$B$4:$B$454,SUMPRODUCT(((Catalogue!$C$4:$C$454="ETRIER")*(Catalogue!$E$4:$E$454=(SPK!$D$22+0)))*ROW(Catalogue!$C$4:$C$454))-3),""),IF(IFERROR(INDEX(Supports!$I$4:$I$23,MATCH(SPK!$D$37,Supports!$B$4:$B$23,0)),"")="COLLIER INDUSTRIEL (DN automatique = DN du tube)",IFERROR(INDEX(Catalogue!$B$4:$B$454,SUMPRODUCT(((Catalogue!$C$4:$C$454="COLLIERINDUS")*(Catalogue!$E$4:$E$454=(SPK!$D$22+0)))*ROW(Catalogue!$C$4:$C$454))-3),""),IF(IFERROR(INDEX(Supports!$I$4:$I$23,MATCH(SPK!$D$37,Supports!$B$4:$B$23,0)),"")="COLLIER POIRE (DN automatique = DN du tube)",IFERROR(INDEX(Catalogue!$B$4:$B$454,SUMPRODUCT(((Catalogue!$C$4:$C$454="COLLIERPOIRE")*(Catalogue!$E$4:$E$454=(SPK!$D$22+0)))*ROW(Catalogue!$C$4:$C$454))-3),""),IFERROR(INDEX(Supports!$I$4:$I$23,MATCH(SPK!$D$37,Supports!$B$4:$B$23,0)),""))))) | D82: =IF((IFERROR(INDEX(Supports!$I$4:$I$23,MATCH(SPK!$D$37,Supports!$B$4:$B$23,0)),""))="","",(IFERROR(INDEX(Supports!$J$4:$J$23,MATCH(SPK!$D$37,Supports!$B$4:$B$23,0)),0))*SPK!$D$38) | E82: pce/m | F82: =IF(AND(B82<>"",B82<>"Non trouvé - vérifier",D82<>"",D82<>0),SUMIF($B$2:$B$244,B82,$D$2:$D$244),"") | G82: =IF(AND(B82<>"",B82<>"Non trouvé - vérifier",D82<>"",D82<>0),IF(COUNTIF($B$2:B82,B82)=1,1,0),0) -> 0
A83: Antenne 1 - Support 2 | B83: =IF((IFERROR(INDEX(Supports!$K$4:$K$23,MATCH(SPK!$D$37,Supports!$B$4:$B$23,0)),""))="","",IF(IFERROR(INDEX(Supports!$K$4:$K$23,MATCH(SPK!$D$37,Supports!$B$4:$B$23,0)),"")="ETRIER RALLONGE (DN automatique = DN du tube)",IFERROR(INDEX(Catalogue!$A$4:$A$454,SUMPRODUCT(((Catalogue!$C$4:$C$454="ETRIER")*(Catalogue!$E$4:$E$454=(SPK!$D$22+0)))*ROW(Catalogue!$C$4:$C$454))-3),"Non trouvé - vérifier"),IF(IFERROR(INDEX(Supports!$K$4:$K$23,MATCH(SPK!$D$37,Supports!$B$4:$B$23,0)),"")="COLLIER INDUSTRIEL (DN automatique = DN du tube)",IFERROR(INDEX(Catalogue!$A$4:$A$454,SUMPRODUCT(((Catalogue!$C$4:$C$454="COLLIERINDUS")*(Catalogue!$E$4:$E$454=(SPK!$D$22+0)))*ROW(Catalogue!$C$4:$C$454))-3),"Non trouvé - vérifier"),IF(IFERROR(INDEX(Supports!$K$4:$K$23,MATCH(SPK!$D$37,Supports!$B$4:$B$23,0)),"")="COLLIER POIRE (DN automatique = DN du tube)",IFERROR(INDEX(Catalogue!$A$4:$A$454,SUMPRODUCT(((Catalogue!$C$4:$C$454="COLLIERPOIRE")*(Catalogue!$E$4:$E$454=(SPK!$D$22+0)))*ROW(Catalogue!$C$4:$C$454))-3),"Non trouvé - vérifier"),IFERROR(INDEX(Catalogue!$A$4:$A$454,MATCH(IFERROR(INDEX(Supports!$K$4:$K$23,MATCH(SPK!$D$37,Supports!$B$4:$B$23,0)),""),Catalogue!$B$4:$B$454,0)),""))))) | C83: =IF((IFERROR(INDEX(Supports!$K$4:$K$23,MATCH(SPK!$D$37,Supports!$B$4:$B$23,0)),""))="","",IF(IFERROR(INDEX(Supports!$K$4:$K$23,MATCH(SPK!$D$37,Supports!$B$4:$B$23,0)),"")="ETRIER RALLONGE (DN automatique = DN du tube)",IFERROR(INDEX(Catalogue!$B$4:$B$454,SUMPRODUCT(((Catalogue!$C$4:$C$454="ETRIER")*(Catalogue!$E$4:$E$454=(SPK!$D$22+0)))*ROW(Catalogue!$C$4:$C$454))-3),""),IF(IFERROR(INDEX(Supports!$K$4:$K$23,MATCH(SPK!$D$37,Supports!$B$4:$B$23,0)),"")="COLLIER INDUSTRIEL (DN automatique = DN du tube)",IFERROR(INDEX(Catalogue!$B$4:$B$454,SUMPRODUCT(((Catalogue!$C$4:$C$454="COLLIERINDUS")*(Catalogue!$E$4:$E$454=(SPK!$D$22+0)))*ROW(Catalogue!$C$4:$C$454))-3),""),IF(IFERROR(INDEX(Supports!$K$4:$K$23,MATCH(SPK!$D$37,Supports!$B$4:$B$23,0)),"")="COLLIER POIRE (DN automatique = DN du tube)",IFERROR(INDEX(Catalogue!$B$4:$B$454,SUMPRODUCT(((Catalogue!$C$4:$C$454="COLLIERPOIRE")*(Catalogue!$E$4:$E$454=(SPK!$D$22+0)))*ROW(Catalogue!$C$4:$C$454))-3),""),IFERROR(INDEX(Supports!$K$4:$K$23,MATCH(SPK!$D$37,Supports!$B$4:$B$23,0)),""))))) | D83: =IF((IFERROR(INDEX(Supports!$K$4:$K$23,MATCH(SPK!$D$37,Supports!$B$4:$B$23,0)),""))="","",(IFERROR(INDEX(Supports!$L$4:$L$23,MATCH(SPK!$D$37,Supports!$B$4:$B$23,0)),0))*SPK!$D$38) | E83: pce/m | F83: =IF(AND(B83<>"",B83<>"Non trouvé - vérifier",D83<>"",D83<>0),SUMIF($B$2:$B$244,B83,$D$2:$D$244),"") | G83: =IF(AND(B83<>"",B83<>"Non trouvé - vérifier",D83<>"",D83<>0),IF(COUNTIF($B$2:B83,B83)=1,1,0),0) -> 0
A84: Antenne 1 - Support 2 | B84: =IF((IFERROR(INDEX(Supports!$M$4:$M$23,MATCH(SPK!$D$37,Supports!$B$4:$B$23,0)),""))="","",IF(IFERROR(INDEX(Supports!$M$4:$M$23,MATCH(SPK!$D$37,Supports!$B$4:$B$23,0)),"")="ETRIER RALLONGE (DN automatique = DN du tube)",IFERROR(INDEX(Catalogue!$A$4:$A$454,SUMPRODUCT(((Catalogue!$C$4:$C$454="ETRIER")*(Catalogue!$E$4:$E$454=(SPK!$D$22+0)))*ROW(Catalogue!$C$4:$C$454))-3),"Non trouvé - vérifier"),IF(IFERROR(INDEX(Supports!$M$4:$M$23,MATCH(SPK!$D$37,Supports!$B$4:$B$23,0)),"")="COLLIER INDUSTRIEL (DN automatique = DN du tube)",IFERROR(INDEX(Catalogue!$A$4:$A$454,SUMPRODUCT(((Catalogue!$C$4:$C$454="COLLIERINDUS")*(Catalogue!$E$4:$E$454=(SPK!$D$22+0)))*ROW(Catalogue!$C$4:$C$454))-3),"Non trouvé - vérifier"),IF(IFERROR(INDEX(Supports!$M$4:$M$23,MATCH(SPK!$D$37,Supports!$B$4:$B$23,0)),"")="COLLIER POIRE (DN automatique = DN du tube)",IFERROR(INDEX(Catalogue!$A$4:$A$454,SUMPRODUCT(((Catalogue!$C$4:$C$454="COLLIERPOIRE")*(Catalogue!$E$4:$E$454=(SPK!$D$22+0)))*ROW(Catalogue!$C$4:$C$454))-3),"Non trouvé - vérifier"),IFERROR(INDEX(Catalogue!$A$4:$A$454,MATCH(IFERROR(INDEX(Supports!$M$4:$M$23,MATCH(SPK!$D$37,Supports!$B$4:$B$23,0)),""),Catalogue!$B$4:$B$454,0)),""))))) | C84: =IF((IFERROR(INDEX(Supports!$M$4:$M$23,MATCH(SPK!$D$37,Supports!$B$4:$B$23,0)),""))="","",IF(IFERROR(INDEX(Supports!$M$4:$M$23,MATCH(SPK!$D$37,Supports!$B$4:$B$23,0)),"")="ETRIER RALLONGE (DN automatique = DN du tube)",IFERROR(INDEX(Catalogue!$B$4:$B$454,SUMPRODUCT(((Catalogue!$C$4:$C$454="ETRIER")*(Catalogue!$E$4:$E$454=(SPK!$D$22+0)))*ROW(Catalogue!$C$4:$C$454))-3),""),IF(IFERROR(INDEX(Supports!$M$4:$M$23,MATCH(SPK!$D$37,Supports!$B$4:$B$23,0)),"")="COLLIER INDUSTRIEL (DN automatique = DN du tube)",IFERROR(INDEX(Catalogue!$B$4:$B$454,SUMPRODUCT(((Catalogue!$C$4:$C$454="COLLIERINDUS")*(Catalogue!$E$4:$E$454=(SPK!$D$22+0)))*ROW(Catalogue!$C$4:$C$454))-3),""),IF(IFERROR(INDEX(Supports!$M$4:$M$23,MATCH(SPK!$D$37,Supports!$B$4:$B$23,0)),"")="COLLIER POIRE (DN automatique = DN du tube)",IFERROR(INDEX(Catalogue!$B$4:$B$454,SUMPRODUCT(((Catalogue!$C$4:$C$454="COLLIERPOIRE")*(Catalogue!$E$4:$E$454=(SPK!$D$22+0)))*ROW(Catalogue!$C$4:$C$454))-3),""),IFERROR(INDEX(Supports!$M$4:$M$23,MATCH(SPK!$D$37,Supports!$B$4:$B$23,0)),""))))) | D84: =IF((IFERROR(INDEX(Supports!$M$4:$M$23,MATCH(SPK!$D$37,Supports!$B$4:$B$23,0)),""))="","",(IFERROR(INDEX(Supports!$N$4:$N$23,MATCH(SPK!$D$37,Supports!$B$4:$B$23,0)),0))*SPK!$D$38) | E84: pce/m | F84: =IF(AND(B84<>"",B84<>"Non trouvé - vérifier",D84<>"",D84<>0),SUMIF($B$2:$B$244,B84,$D$2:$D$244),"") | G84: =IF(AND(B84<>"",B84<>"Non trouvé - vérifier",D84<>"",D84<>0),IF(COUNTIF($B$2:B84,B84)=1,1,0),0) -> 0
A85: Antenne 2 | B85: =IFERROR(INDEX(Catalogue!$A$4:$A$454,SUMPRODUCT(((Catalogue!$C$4:$C$454="TUBE")*(Catalogue!$G$4:$G$454<>"SL")*(Catalogue!$D$4:$D$454=IF(SPK!$D$6="X","GALVA",IF(SPK!$F$6="X","NOIR","")))*(Catalogue!$E$4:$E$454=(SPK!$F$22+0)))*ROW(Catalogue!$C$4:$C$454))-3),"Non trouvé - vérifier") -> Non trouvé - vérifier | C85: =IFERROR(INDEX(Catalogue!$B$4:$B$454,SUMPRODUCT(((Catalogue!$C$4:$C$454="TUBE")*(Catalogue!$G$4:$G$454<>"SL")*(Catalogue!$D$4:$D$454=IF(SPK!$D$6="X","GALVA",IF(SPK!$F$6="X","NOIR","")))*(Catalogue!$E$4:$E$454=(SPK!$F$22+0)))*ROW(Catalogue!$C$4:$C$454))-3),"") | D85: =CEILING((((SPK!$F$27*SPK!$F$26))),6) -> 0 | E85: ml | F85: =IF(AND(B85<>"",B85<>"Non trouvé - vérifier",D85<>"",D85<>0),SUMIF($B$2:$B$244,B85,$D$2:$D$244),"") | G85: =IF(AND(B85<>"",B85<>"Non trouvé - vérifier",D85<>"",D85<>0),IF(COUNTIF($B$2:B85,B85)=1,1,0),0) -> 0
A86: Antenne 2 | B86: {=IF((SPK!$F$22+0)=25,"COUVI90FFGA025",IFERROR(_xlfn.SINGLE(INDEX(Catalogue!$A$4:$A$454,SUMPRODUCT(((Catalogue!$C$4:$C$454="COUDE90")*(Catalogue!$D$4:$D$454=IF(SPK!$D$4="X","ROUGE",IF(SPK!$F$4="X","BLANC",IF(SPK!$H$4="X","GALVA",""))))*(Catalogue!$E$4:$E$454=(SPK!$F$22+0)))*ROW(Catalogue!$C$4:$C$454))-3)),"Non trouvé - vérifier"))} -> Non trouvé - vérifier | C86: {=IF((SPK!$F$22+0)=25,"COUDE 90°VISSER FF GALVA DN25",IFERROR(_xlfn.SINGLE(INDEX(Catalogue!$B$4:$B$454,SUMPRODUCT(((Catalogue!$C$4:$C$454="COUDE90")*(Catalogue!$D$4:$D$454=IF(SPK!$D$4="X","ROUGE",IF(SPK!$F$4="X","BLANC",IF(SPK!$H$4="X","GALVA",""))))*(Catalogue!$E$4:$E$454=(SPK!$F$22+0)))*ROW(Catalogue!$C$4:$C$454))-3)),""))} | D86: =SPK!$F$28 -> 0 | E86: pce | F86: =IF(AND(B86<>"",B86<>"Non trouvé - vérifier",D86<>"",D86<>0),SUMIF($B$2:$B$244,B86,$D$2:$D$244),"") | G86: =IF(AND(B86<>"",B86<>"Non trouvé - vérifier",D86<>"",D86<>0),IF(COUNTIF($B$2:B86,B86)=1,1,0),0) -> 0
A87: Antenne 2 | B87: =IFERROR(INDEX(Catalogue!$A$4:$A$454,SUMPRODUCT(((Catalogue!$C$4:$C$454="CPC")*(Catalogue!$D$4:$D$454=IF(SPK!$D$4="X","ROUGE",IF(SPK!$F$4="X","GALVA",IF(SPK!$H$4="X","GALVA",""))))*(Catalogue!$E$4:$E$454=(SPK!$F$23+0))*(Catalogue!$F$4:$F$454=(SPK!$F$22+0))*(Catalogue!$G$4:$G$454=IF(LEFT(SPK!$F$24,1)="R","RAINURE",IF(LEFT(SPK!$F$24,1)="T","TARAUDE",""))))*ROW(Catalogue!$C$4:$C$454))-3),"Non trouvé - vérifier") -> Non trouvé - vérifier | C87: =IFERROR(INDEX(Catalogue!$B$4:$B$454,SUMPRODUCT(((Catalogue!$C$4:$C$454="CPC")*(Catalogue!$D$4:$D$454=IF(SPK!$D$4="X","ROUGE",IF(SPK!$F$4="X","GALVA",IF(SPK!$H$4="X","GALVA",""))))*(Catalogue!$E$4:$E$454=(SPK!$F$23+0))*(Catalogue!$F$4:$F$454=(SPK!$F$22+0))*(Catalogue!$G$4:$G$454=IF(LEFT(SPK!$F$24,1)="R","RAINURE",IF(LEFT(SPK!$F$24,1)="T","TARAUDE",""))))*ROW(Catalogue!$C$4:$C$454))-3),"") | D87: =SPK!$F$25 -> 0 | E87: pce | F87: =IF(AND(B87<>"",B87<>"Non trouvé - vérifier",D87<>"",D87<>0),SUMIF($B$2:$B$244,B87,$D$2:$D$244),"") | G87: =IF(AND(B87<>"",B87<>"Non trouvé - vérifier",D87<>"",D87<>0),IF(COUNTIF($B$2:B87,B87)=1,1,0),0) -> 0
A88: Antenne 2 | B88: =IFERROR(INDEX(Catalogue!$A$4:$A$454,SUMPRODUCT(((Catalogue!$C$4:$C$454="RACCORD")*(Catalogue!$D$4:$D$454=IF(SPK!$D$4="X","ROUGE",IF(SPK!$F$4="X","BLANC",IF(SPK!$H$4="X","GALVA",""))))*(Catalogue!$E$4:$E$454=(SPK!$F$22+0)))*ROW(Catalogue!$C$4:$C$454))-3),"Non trouvé - vérifier") -> Non trouvé - vérifier | C88: =IFERROR(INDEX(Catalogue!$B$4:$B$454,SUMPRODUCT(((Catalogue!$C$4:$C$454="RACCORD")*(Catalogue!$D$4:$D$454=IF(SPK!$D$4="X","ROUGE",IF(SPK!$F$4="X","BLANC",IF(SPK!$H$4="X","GALVA",""))))*(Catalogue!$E$4:$E$454=(SPK!$F$22+0)))*ROW(Catalogue!$C$4:$C$454))-3),"") | D88: =ROUNDUP(((((SPK!$F$27*SPK!$F$26))/6)+(SPK!$F$28*2))*1.1,0) -> 0 | E88: pce | F88: =IF(AND(B88<>"",B88<>"Non trouvé - vérifier",D88<>"",D88<>0),SUMIF($B$2:$B$244,B88,$D$2:$D$244),"") | G88: =IF(AND(B88<>"",B88<>"Non trouvé - vérifier",D88<>"",D88<>0),IF(COUNTIF($B$2:B88,B88)=1,1,0),0) -> 0
A89: Antenne 2 - fin de ligne | B89: =IF((SPK!$F$22+0)=25,"BOUCHVIMGA025",IFERROR(INDEX(Catalogue!$A$4:$A$454,SUMPRODUCT(((Catalogue!$C$4:$C$454="RACCORD")*(Catalogue!$D$4:$D$454=IF(SPK!$D$4="X","ROUGE",IF(SPK!$F$4="X","BLANC",IF(SPK!$H$4="X","GALVA",""))))*(Catalogue!$E$4:$E$454=(SPK!$F$22+0)))*ROW(Catalogue!$C$4:$C$454))-3),"Non trouvé - vérifier")) -> Non trouvé - vérifier | C89: =IF((SPK!$F$22+0)=25,"BOUCHON VISSER M GALVA DN25",IFERROR(INDEX(Catalogue!$B$4:$B$454,SUMPRODUCT(((Catalogue!$C$4:$C$454="RACCORD")*(Catalogue!$D$4:$D$454=IF(SPK!$D$4="X","ROUGE",IF(SPK!$F$4="X","BLANC",IF(SPK!$H$4="X","GALVA",""))))*(Catalogue!$E$4:$E$454=(SPK!$F$22+0)))*ROW(Catalogue!$C$4:$C$454))-3),"")) | D89: =SPK!$F$25 -> 0 | E89: pce | F89: =IF(AND(B89<>"",B89<>"Non trouvé - vérifier",D89<>"",D89<>0),SUMIF($B$2:$B$244,B89,$D$2:$D$244),"") | G89: =IF(AND(B89<>"",B89<>"Non trouvé - vérifier",D89<>"",D89<>0),IF(COUNTIF($B$2:B89,B89)=1,1,0),0) -> 0
A90: Antenne 2 - fin de ligne (fond) | B90: =IF((SPK!$F$22+0)=25,"",IFERROR(INDEX(Catalogue!$A$4:$A$454,SUMPRODUCT(((Catalogue!$C$4:$C$454="FOND")*(Catalogue!$D$4:$D$454=IF(SPK!$D$4="X","ROUGE",IF(SPK!$F$4="X","BLANC",IF(SPK!$H$4="X","GALVA",""))))*(Catalogue!$E$4:$E$454=(SPK!$F$22+0)))*ROW(Catalogue!$C$4:$C$454))-3),"Non trouvé - vérifier")) -> Non trouvé - vérifier | C90: =IF((SPK!$F$22+0)=25,"",IFERROR(INDEX(Catalogue!$B$4:$B$454,SUMPRODUCT(((Catalogue!$C$4:$C$454="FOND")*(Catalogue!$D$4:$D$454=IF(SPK!$D$4="X","ROUGE",IF(SPK!$F$4="X","BLANC",IF(SPK!$H$4="X","GALVA",""))))*(Catalogue!$E$4:$E$454=(SPK!$F$22+0)))*ROW(Catalogue!$C$4:$C$454))-3),"")) | D90: =IF((SPK!$F$22+0)=25,"",SPK!$F$25) -> 0 | E90: pce | F90: =IF(AND(B90<>"",B90<>"Non trouvé - vérifier",D90<>"",D90<>0),SUMIF($B$2:$B$244,B90,$D$2:$D$244),"") | G90: =IF(AND(B90<>"",B90<>"Non trouvé - vérifier",D90<>"",D90<>0),IF(COUNTIF($B$2:B90,B90)=1,1,0),0) -> 0
A91: Toiture 2 | B91: =IF((IF(OR(SPK!$F$29="SSP Toiture",SPK!$F$29="SSU Toiture"),"Toiture",IF(SPK!$F$29="SSP Placo","TB Placo",IF(SPK!$F$29="SSP Faux plafond","TB Faux plaf",IF(SPK!$F$29="SSP Labo","TB Labo","")))))<>"Toiture","",IF((SPK!$F$22+0)=25,IFERROR(INDEX(Catalogue!$A$4:$A$454,SUMPRODUCT(((Catalogue!$C$4:$C$454="TES")*(Catalogue!$D$4:$D$454="GALVA")*(Catalogue!$E$4:$E$454=(25+0))*(Catalogue!$G$4:$G$454="VISSER"))*ROW(Catalogue!$C$4:$C$454))-3),"Non trouvé - vérifier"),IFERROR(INDEX(Catalogue!$A$4:$A$454,SUMPRODUCT(((Catalogue!$C$4:$C$454="CPC")*(Catalogue!$D$4:$D$454=IF(SPK!$D$4="X","ROUGE",IF(SPK!$F$4="X","GALVA",IF(SPK!$H$4="X","GALVA",""))))*(Catalogue!$E$4:$E$454=(SPK!$F$22+0))*(Catalogue!$F$4:$F$454=(SPK!$F$30+0))*(Catalogue!$G$4:$G$454="TARAUDE"))*ROW(Catalogue!$C$4:$C$454))-3),"Non trouvé - vérifier"))) | C91: =IF((IF(OR(SPK!$F$29="SSP Toiture",SPK!$F$29="SSU Toiture"),"Toiture",IF(SPK!$F$29="SSP Placo","TB Placo",IF(SPK!$F$29="SSP Faux plafond","TB Faux plaf",IF(SPK!$F$29="SSP Labo","TB Labo","")))))<>"Toiture","",IF((SPK!$F$22+0)=25,IFERROR(INDEX(Catalogue!$B$4:$B$454,SUMPRODUCT(((Catalogue!$C$4:$C$454="TES")*(Catalogue!$D$4:$D$454="GALVA")*(Catalogue!$E$4:$E$454=(25+0))*(Catalogue!$G$4:$G$454="VISSER"))*ROW(Catalogue!$C$4:$C$454))-3),""),IFERROR(INDEX(Catalogue!$B$4:$B$454,SUMPRODUCT(((Catalogue!$C$4:$C$454="CPC")*(Catalogue!$D$4:$D$454=IF(SPK!$D$4="X","ROUGE",IF(SPK!$F$4="X","GALVA",IF(SPK!$H$4="X","GALVA",""))))*(Catalogue!$E$4:$E$454=(SPK!$F$22+0))*(Catalogue!$F$4:$F$454=(SPK!$F$30+0))*(Catalogue!$G$4:$G$454="TARAUDE"))*ROW(Catalogue!$C$4:$C$454))-3),""))) | D91: =IF((IF(OR(SPK!$F$29="SSP Toiture",SPK!$F$29="SSU Toiture"),"Toiture",IF(SPK!$F$29="SSP Placo","TB Placo",IF(SPK!$F$29="SSP Faux plafond","TB Faux plaf",IF(SPK!$F$29="SSP Labo","TB Labo","")))))<>"Toiture",0,(SPK!$F$26)) -> 0 | E91: pce | F91: =IF(AND(B91<>"",B91<>"Non trouvé - vérifier",D91<>"",D91<>0),SUMIF($B$2:$B$244,B91,$D$2:$D$244),"") | G91: =IF(AND(B91<>"",B91<>"Non trouvé - vérifier",D91<>"",D91<>0),IF(COUNTIF($B$2:B91,B91)=1,1,0),0) -> 0
